title_name;title_score
landschaft;0.3953172688953838
ohne titel;0.4628045398087097
stilleben;0.5354877469012476
weibliches bildnis;0.5444976097517443
stillleben;0.5451310127868335
männliches bildnis;0.5559112668749463
selbstbildnis;0.5657135708079932
winterlandschaft;0.5794253453078083
frauenbildnis;0.5812932953110493
blumenstück;0.585147606838786
studie;0.5891713920837964
waldlandschaft;0.5902055993959211
italienische landschaft;0.5977920062880141
seestück;0.6085722603761269
porträtminiatur;0.6098523703799597
gebirgslandschaft;0.6165360961465114
damenbildnis;0.6193525144642397
porträt;0.622258357677489
friedrich der große;0.6237466241806062
titel unbekannt;0.6252594912411313
madonna;0.6349027571267172
heilige familie;0.6383569924735691
bildnis einer jungen frau;0.6419467221061357
madonna mit kind;0.6437958026374442
frauenkopf;0.64568301121483
blumen;0.6476099534039902
flußlandschaft;0.6495783383709853
mutter gottes mit dem christuskind;0.6495783383709853
marine;0.6515899879917216
fruchtstück;0.6536468469852145
bildnis eines mannes;0.6557509942118879
maria mit dem kind;0.6557509942118879
interieur;0.6579046553014323
mädchenkopf;0.6579046553014323
porträt eines mannes;0.660110216802509
bildnis eines jungen mannes;0.6623702420798344
mutter gottes;0.6623702420798344
akt;0.6646874892241594
ohne titel;0.6670649312889607
venus und amor;0.6670649312889607
winter;0.6695057792262561
anbetung der hirten;0.6720135079654203
christus;0.6720135079654203
berglandschaft;0.6745918861664366
büßende magdalena;0.6745918861664366
männerbildnis;0.6745918861664366
anbetung der könige;0.6799773437358048
bildnis einer dame;0.6799773437358048
selbstporträt;0.6799773437358048
weiblicher akt;0.6799773437358048
biblische szene;0.682793762053533
christus am kreuz;0.682793762053533
kinderbildnis;0.682793762053533
landschaft mit ruinen;0.682793762053533
mutter und kind;0.682793762053533
flusslandschaft;0.6856996052667824
holländische landschaft;0.6856996052667824
kopf eines alten mannes;0.6856996052667824
landschaft mit staffage;0.6856996052667824
beweinung christi;0.6887007388304247
königin luise von preußen;0.6887007388304247
kreuzigung;0.6887007388304247
frauenporträt;0.6918036249040298
sonnenuntergang;0.6950154061401354
bildnis einer unbekannten frau;0.6983440047160105
bildnis eines unbekannten mannes;0.6983440047160105
reitergefecht;0.6983440047160105
grablegung christi;0.7017982400628625
landschaftsstudie;0.7017982400628625
abend;0.705387969695429
alter mann;0.705387969695429
ohne titel (unbekannt);0.705387969695429
herbst;0.7091242588041233
junges mädchen;0.7091242588041233
paysage / landschaft;0.7091242588041233
alpenlandschaft;0.7130195859602787
bildnis einer frau;0.7130195859602787
blumenstilleben;0.7130195859602787
kreuzabnahme;0.7130195859602787
männlicher akt;0.7130195859602787
porträt einer frau;0.7130195859602787
wald;0.7130195859602787
zeichnung;0.7130195859602787
allegorie;0.717088094574508
johannes der täufer;0.717088094574508
kirche;0.717088094574508
männerkopf;0.717088094574508
mythologische szene;0.717088094574508
alte frau;0.7213459028907256
brustbild;0.7213459028907256
himmelstudie;0.7213459028907256
mädchen;0.7213459028907256
unbekannt;0.7213459028907256
brustbild einer dame;0.7258114896691278
christus am ölberg;0.7258114896691278
christuskopf;0.7258114896691278
der heilige nikolaus;0.7258114896691278
dorfstraße;0.7258114896691278
entwürfe zu illustrationen für witzblätter;0.7258114896691278
herrenbildnis;0.7258114896691278
mädchenbildnis;0.7258114896691278
meeresufer;0.7258114896691278
reiter;0.7258114896691278
adam und eva;0.7305061788782541
friedrich wilhelm i.;0.7305061788782541
herbstlandschaft;0.7305061788782541
kircheninneres;0.7305061788782541
männliches porträt;0.7305061788782541
porträt einer dame;0.7305061788782541
sitzender weiblicher akt;0.7305061788782541
blumenstillleben;0.7354547555547137
damenporträt;0.7354547555547137
meer;0.7354547555547137
rheinlandschaft;0.7354547555547137
venus und adonis;0.7354547555547137
die heilige familie;0.7406862578762007
die heilige katharina;0.7406862578762007
landschaft mit brücke;0.7406862578762007
liebespaar;0.7406862578762007
mondscheinlandschaft;0.7406862578762007
susanna im bade;0.7406862578762007
bauernhof;0.7462350096428264
bildnis;0.7462350096428264
feld;0.7462350096428264
frühling;0.7462350096428264
gemälde;0.7462350096428264
küstenlandschaft;0.7462350096428264
landschaft mit vieh;0.7462350096428264
landschaft mit wasserfall;0.7462350096428264
leopold i. fürst zu anhalt-dessau (1676-1747);0.7462350096428264
madonna mit heiligen;0.7462350096428264
schweizer landschaft;0.7462350096428264
urteil des paris;0.7462350096428264
wasserfall;0.7462350096428264
weiblicher kopf;0.7462350096428264
amor und psyche;0.752141986419718
bauer;0.752141986419718
blumen und früchte;0.752141986419718
caritas;0.752141986419718
der verlorene sohn;0.752141986419718
die anbetung der könige;0.752141986419718
hafen;0.752141986419718
harzlandschaft;0.752141986419718
hühnerhof;0.752141986419718
karikatur;0.752141986419718
komposition;0.752141986419718
männliches brustbild;0.752141986419718
mondnacht;0.752141986419718
pferde;0.752141986419718
pompejanische wand;0.752141986419718
rosen;0.752141986419718
selbstportrait;0.752141986419718
stilleven / stillleben;0.752141986419718
studienkopf;0.752141986419718
tänzerin;0.752141986419718
venedig;0.752141986419718
zeichnung von geschirr;0.752141986419718
badende;0.7584566537294287
baumstudie;0.7584566537294287
bildnis eines alten mannes;0.7584566537294287
blumenstrauß;0.7584566537294287
der heilige sebastian;0.7584566537294287
die büßende magdalena;0.7584566537294287
dorflandschaft;0.7584566537294287
friedrich i.;0.7584566537294287
friedrich wilhelm ii.;0.7584566537294287
friedrich wilhelm iii.;0.7584566537294287
herrenporträt;0.7584566537294287
hütte;0.7584566537294287
kinderkopf;0.7584566537294287
kopf;0.7584566537294287
kühe auf der weide;0.7584566537294287
magdalena;0.7584566537294287
opera;0.7584566537294287
schneelandschaft;0.7584566537294287
seelandschaft;0.7584566537294287
vorfrühling;0.7584566537294287
waldinneres;0.7584566537294287
weibliches porträt;0.7584566537294287
zwei frauen;0.7584566537294287
abendlandschaft;0.765239487652156
auferstehung;0.765239487652156
auferstehung christi;0.765239487652156
bildnis einer alten frau;0.765239487652156
brustbild eines mannes;0.765239487652156
dame;0.765239487652156
die heilige barbara;0.765239487652156
erlöser;0.765239487652156
flucht nach ägypten;0.765239487652156
friedrich wilhelm iii., könig von preußen;0.765239487652156
gebirgige landschaft;0.765239487652156
ideallandschaft;0.765239487652156
italienerin;0.765239487652156
knabenbildnis;0.765239487652156
königin sophie dorothea von preußen;0.765239487652156
kopf eines mädchens;0.765239487652156
landschaften;0.765239487652156
landschap / landschaft;0.765239487652156
leda mit dem schwan;0.765239487652156
liegender weiblicher akt;0.765239487652156
loth und seine töchter;0.765239487652156
luise, königin von preußen;0.765239487652156
maria;0.765239487652156
morgen;0.765239487652156
porträt eines jungen mannes;0.765239487652156
porträt eines offiziers;0.765239487652156
schauspieler;0.765239487652156
schlachtenbild;0.765239487652156
sommerlandschaft;0.765239487652156
stillleben mit früchten;0.765239487652156
unbekannt;0.765239487652156
abbildung eines kavalleristen;0.7725655063934168
bauernmädchen;0.7725655063934168
beschneidung christi;0.7725655063934168
bildnis einer jungen dame;0.7725655063934168
christus und die samariterin am brunnen;0.7725655063934168
die anbetung der hirten;0.7725655063934168
die heilige familie;0.7725655063934168
eine prinzessin von oranien;0.7725655063934168
großes rollbild;0.7725655063934168
kerzenleuchter;0.7725655063934168
kopf einer jungen frau;0.7725655063934168
landschaft mit herde;0.7725655063934168
maria mit dem kinde;0.7725655063934168
meeresansicht;0.7725655063934168
mutter mit kind;0.7725655063934168
mythologische schilderungen nach herkulanischen originalen;0.7725655063934168
offizier aus der armee des soldatenkönigs ?;0.7725655063934168
probestück eines maltechnischen versuchs;0.7725655063934168
ruinen;0.7725655063934168
schlacht;0.7725655063934168
steppe;0.7725655063934168
vermählung der heiligen katharina;0.7725655063934168
vorwerk koropiw;0.7725655063934168
bäume;0.7805293421638012
brustbild eines jungen mannes;0.7805293421638012
die heilige dreieinigkeit;0.7805293421638012
eine dame;0.7805293421638012
geburt christi;0.7805293421638012
heiliger sebastian;0.7805293421638012
heroische landschaft;0.7805293421638012
heuernte;0.7805293421638012
himmelfahrt;0.7805293421638012
hirschjagd;0.7805293421638012
hofdame des erzbischofs clemens wenzeslaus von trier;0.7805293421638012
hügelige landschaft;0.7805293421638012
johann georg ii. fürst zu anhalt-dessau (1627-1693);0.7805293421638012
kühe;0.7805293421638012
landschaft mit fluß;0.7805293421638012
landschaft mit windmühle;0.7805293421638012
männerporträt;0.7805293421638012
maria mit kind;0.7805293421638012
märkische landschaft;0.7805293421638012
miniatur;0.7805293421638012
nature morte / stillleben;0.7805293421638012
pferd;0.7805293421638012
selbstbildnis des künstlers;0.7805293421638012
tiroler landschaft;0.7805293421638012
anbetung des kindes;0.7892527372584212
badende frauen;0.7892527372584212
bewegte see;0.7892527372584212
danae;0.7892527372584212
der große kurfürst;0.7892527372584212
die blumen;0.7892527372584212
dorf;0.7892527372584212
dünenlandschaft;0.7892527372584212
ernte;0.7892527372584212
fischer;0.7892527372584212
im garten;0.7892527372584212
kleine landschaft;0.7892527372584212
konzert;0.7892527372584212
kreuzigung christi;0.7892527372584212
landschaft mit fluss;0.7892527372584212
landschaft mit kühen;0.7892527372584212
mars und venus;0.7892527372584212
modell;0.7892527372584212
nacht;0.7892527372584212
parklandschaft;0.7892527372584212
portrait einer dame;0.7892527372584212
reiterkampf;0.7892527372584212
reiterschlacht;0.7892527372584212
sitzender mann;0.7892527372584212
spielende kinder;0.7892527372584212
teich;0.7892527372584212
tischleuchter;0.7892527372584212
vertumnus und pomona;0.7892527372584212
waldweg;0.7892527372584212
wassermühle;0.7892527372584212
am meer;0.798896003144007
ansicht von venedig;0.798896003144007
apostel paulus;0.798896003144007
begräbniszeremonie für ernst pius von sachsen;0.798896003144007
blumen in einer vase;0.798896003144007
brücke;0.798896003144007
brustbild einer jungen frau;0.798896003144007
brustbild eines alten mannes;0.798896003144007
christus und die ehebrecherin;0.798896003144007
damenportrait;0.798896003144007
diana und kallisto;0.798896003144007
die auferweckung des lazarus;0.798896003144007
drei engel;0.798896003144007
ecce homo;0.798896003144007
ein herr;0.798896003144007
frauenakt;0.798896003144007
friedrich wilhelm ii., könig von preußen;0.798896003144007
friedrich wilhelm i. könig von preußen (1688-1740);0.798896003144007
früchtestilleben;0.798896003144007
frucht- und blumenstück;0.798896003144007
gebirgslandschaft mit wasserfall;0.798896003144007
genreszene;0.798896003144007
heiliger;0.798896003144007
hof;0.798896003144007
ikone, madonna mit kind;0.798896003144007
im park;0.798896003144007
jahrmarkt;0.798896003144007
junge frau;0.798896003144007
junger mann;0.798896003144007
kinder;0.798896003144007
königin luise;0.798896003144007
kreuztragung;0.798896003144007
lebensszene;0.798896003144007
mädchenporträt;0.798896003144007
malerei;0.798896003144007
mondaufgang;0.798896003144007
mutter gottes von smolensk;0.798896003144007
prinz heinrich von preußen;0.798896003144007
ruinenlandschaft;0.798896003144007
schafe;0.798896003144007
schafherde;0.798896003144007
skizzen;0.798896003144007
sommertag;0.798896003144007
stadtlandschaft;0.798896003144007
tierstück;0.798896003144007
tivoli;0.798896003144007
vase mit blumen;0.798896003144007
venus;0.798896003144007
waldrand;0.798896003144007
wandbild;0.798896003144007
weiblicher halbakt;0.798896003144007
weiblicher rückenakt;0.798896003144007
wilhelm i.;0.798896003144007
wirtshausszene;0.798896003144007
zwei weibliche akte;0.798896003144007
abendmahl;0.8096762572321198
am fluß;0.8096762572321198
anna luise von anhalt-dessau (1677-1745);0.8096762572321198
antoinette von anhalt-dessau (1838-1908);0.8096762572321198
architekturbild;0.8096762572321198
bathseba im bade;0.8096762572321198
capri;0.8096762572321198
christian august fürst zu anhalt-zerbst (1690-1747);0.8096762572321198
das jüngste gericht;0.8096762572321198
das meer;0.8096762572321198
der heilige hieronymus;0.8096762572321198
der triumphwagen kaiser maximilians;0.8096762572321198
die heilige paraskeva;0.8096762572321198
ecce homo;0.8096762572321198
fleurs / blumen;0.8096762572321198
friedrich i. herzog von anhalt-dessau (1831-1904);0.8096762572321198
früchte und blumen;0.8096762572321198
fürstliche dame;0.8096762572321198
garten;0.8096762572321198
geflügelhof;0.8096762572321198
geißelung christi;0.8096762572321198
gewitterstimmung;0.8096762572321198
ideale landschaft;0.8096762572321198
ikone, madonna;0.8096762572321198
ikone, madonna und kind;0.8096762572321198
im hafen;0.8096762572321198
jules mazarin;0.8096762572321198
junge dame;0.8096762572321198
kinderbild;0.8096762572321198
kinderbild aus dem fürstlichen hause nassau;0.8096762572321198
konvolut von zwanzig blatt (ohne titel);0.8096762572321198
kopf eines mannes;0.8096762572321198
kupferstich;0.8096762572321198
kurfürst friedrich wilhelm von brandenburg (1620-1688);0.8096762572321198
landschaft mit bäumen;0.8096762572321198
landschaft mit haus;0.8096762572321198
landschaft mit ruine;0.8096762572321198
landschaft (paysage);0.8096762572321198
lukas;0.8096762572321198
mariä verkündigung;0.8096762572321198
marktszene;0.8096762572321198
mühle;0.8096762572321198
mutter gottes von wladimir;0.8096762572321198
ornamentkomposition;0.8096762572321198
plakate;0.8096762572321198
portrait de dame / porträt einer dame;0.8096762572321198
portrait d'homme / porträt eines mannes;0.8096762572321198
romantische landschaft;0.8096762572321198
ruhe auf der flucht;0.8096762572321198
rundscheibe;0.8096762572321198
seesturm;0.8096762572321198
sitzender männlicher akt;0.8096762572321198
sitzendes mädchen;0.8096762572321198
skizze;0.8096762572321198
sommerabend;0.8096762572321198
stehender weiblicher akt;0.8096762572321198
straße;0.8096762572321198
stürmische see;0.8096762572321198
südliche landschaft;0.8096762572321198
verkündigung mariae;0.8096762572321198
vermählung der heiligen katharina;0.8096762572321198
allegorische szene;0.8218979013187221
am brunnen;0.8218979013187221
am meeresufer;0.8218979013187221
am teich;0.8218979013187221
andromeda;0.8218979013187221
anhaltiner landschaft;0.8218979013187221
apollo und daphne;0.8218979013187221
arkadische landschaft;0.8218979013187221
bauernschenke;0.8218979013187221
baumgruppe;0.8218979013187221
bildnis einer fürstin;0.8218979013187221
bildnis eines malers;0.8218979013187221
bismarck;0.8218979013187221
bourbon, ludwig xiv.;0.8218979013187221
christus am kreuz mit maria und johannes;0.8218979013187221
darstellung christi im tempel;0.8218979013187221
das allsehende auge;0.8218979013187221
das letzte abendmahl;0.8218979013187221
das urteil des paris;0.8218979013187221
der barmherzige samariter;0.8218979013187221
der heilige nikolaus der wundertäter;0.8218979013187221
der raucher;0.8218979013187221
der zinsgroschen;0.8218979013187221
diana;0.8218979013187221
die auferstehung christi;0.8218979013187221
die flucht nach ägypten;0.8218979013187221
die flügel der heiligen pforte;0.8218979013187221
elisabeth christine von braunschweig-wolfenbüttel-bevern, königin von preußen (8. november 1715 in wolfenbüttel - 13. januar 1797 in berlin);0.8218979013187221
engelskopf;0.8218979013187221
felsen;0.8218979013187221
frau;0.8218979013187221
friedrich wilhelm iv.;0.8218979013187221
gebirgsbach;0.8218979013187221
geburt der mutter gottes;0.8218979013187221
gesellschaftsszene;0.8218979013187221
gewandstudie;0.8218979013187221
grablegung;0.8218979013187221
heiliger hieronymus;0.8218979013187221
himmelfahrt christi;0.8218979013187221
inneres einer gotischen kirche;0.8218979013187221
jagdbeute;0.8218979013187221
jagdstilleben;0.8218979013187221
jagdstück;0.8218979013187221
kain und abel;0.8218979013187221
krönung mariae;0.8218979013187221
kuh;0.8218979013187221
landschaften mit staffage;0.8218979013187221
leopold friedrich herzog von anhalt-dessau (1794-1871);0.8218979013187221
liegender akt;0.8218979013187221
madonna della sedia;0.8218979013187221
mansportret / porträt eines mannes;0.8218979013187221
mariä himmelfahrt;0.8218979013187221
maria mit dem kind und dem kleinen johannes;0.8218979013187221
martin luther;0.8218979013187221
mönch;0.8218979013187221
mutter gottes von kasan;0.8218979013187221
perseus und andromeda;0.8218979013187221
pietà;0.8218979013187221
portrait;0.8218979013187221
porträt einer jungen frau;0.8218979013187221
römische landschaft;0.8218979013187221
salome;0.8218979013187221
scheune;0.8218979013187221
schlafende venus;0.8218979013187221
schlesische landschaft;0.8218979013187221
simson und delila;0.8218979013187221
skizzenbuch;0.8218979013187221
stilleben mit blumen;0.8218979013187221
strand;0.8218979013187221
strandszene;0.8218979013187221
stuhl (1von7);0.8218979013187221
sturm am meer;0.8218979013187221
supraportengemälde;0.8218979013187221
szene im café;0.8218979013187221
tibetanisches tempelbild;0.8218979013187221
totes geflügel;0.8218979013187221
verkündigung an die hirten;0.8218979013187221
weibliches brustbild;0.8218979013187221
zwei zeichnungen;0.8218979013187221
abbildung eines reiters;0.8360067539827102
am strand;0.8360067539827102
auffindung des mosesknaben;0.8360067539827102
bacchanal;0.8360067539827102
badende frau;0.8360067539827102
badende mädchen;0.8360067539827102
bärenjagd;0.8360067539827102
bärtiger mann;0.8360067539827102
bauernszene;0.8360067539827102
bergsee;0.8360067539827102
bettler;0.8360067539827102
bildnis einer prinzessin in halbfigur;0.8360067539827102
bildnis eines älteren mannes;0.8360067539827102
bildnis eines jungen mädchens;0.8360067539827102
bildnis kaiser wilhelm i. (1797-1888);0.8360067539827102
brustbild einer frau;0.8360067539827102
brustbild eines jungen mädchens;0.8360067539827102
burgruine;0.8360067539827102
campagnalandschaft;0.8360067539827102
christus mit dornenkrone;0.8360067539827102
der winter;0.8360067539827102
die drei grazien;0.8360067539827102
dietrich fürst von anhalt-dessau (1702-1769);0.8360067539827102
dorfrand;0.8360067539827102
dreigespann;0.8360067539827102
engel;0.8360067539827102
europa;0.8360067539827102
familienbild;0.8360067539827102
familienbildnis;0.8360067539827102
felsige landschaft;0.8360067539827102
fluß;0.8360067539827102
friedrich august, letzter fürst zu anhalt-zerbst (1734-1793);0.8360067539827102
frühlingslandschaft;0.8360067539827102
georg der drachentöter;0.8360067539827102
große landschaft;0.8360067539827102
heidelandschaft;0.8360067539827102
hochgebirgslandschaft;0.8360067539827102
inneres einer kirche;0.8360067539827102
jagd;0.8360067539827102
kaiser friedrich iii.;0.8360067539827102
kaiser karl v.;0.8360067539827102
kaiser wilhelm i.;0.8360067539827102
kartenspieler;0.8360067539827102
kartoffelernte;0.8360067539827102
kirgisen, welche beim manöver zu kalisch anwesend waren;0.8360067539827102
kopf einer alten frau;0.8360067539827102
kopf eines jungen;0.8360067539827102
kopf eines jungen mannes;0.8360067539827102
kopie;0.8360067539827102
kreuztragung christi;0.8360067539827102
krim;0.8360067539827102
krimlandschaft;0.8360067539827102
kubistische komposition;0.8360067539827102
ländliche szene;0.8360067539827102
landschaft mit dorf;0.8360067539827102
landschaft mit hütte;0.8360067539827102
leopold iii. friedrich franz herzog zu anhalt-dessau (1740-1817);0.8360067539827102
madonna mit dem kinde;0.8360067539827102
madonna mit kind und heiligen;0.8360067539827102
männlicher rückenakt;0.8360067539827102
mariä schutz;0.8360067539827102
mariä verkündung;0.8360067539827102
meleager und atalante;0.8360067539827102
moses schlägt wasser aus dem felsen;0.8360067539827102
musiker;0.8360067539827102
nachtlandschaft;0.8360067539827102
nymphe;0.8360067539827102
parforcejagd;0.8360067539827102
park;0.8360067539827102
pastorale;0.8360067539827102
pflanzen, menschen und tiere;0.8360067539827102
porträt eines jungen;0.8360067539827102
porträt eines kindes;0.8360067539827102
raucher;0.8360067539827102
romanow, katharina ii. kaiserin von rußland (1729-1796);0.8360067539827102
römische ruine;0.8360067539827102
rückkehr von der jagd;0.8360067539827102
ruhe auf der flucht nach ägypten;0.8360067539827102
schiffe;0.8360067539827102
schlachtenszene;0.8360067539827102
schnitzrahmen vergoldet;0.8360067539827102
segelboote;0.8360067539827102
sitzende frau;0.8360067539827102
sitzender akt;0.8360067539827102
sommer;0.8360067539827102
stadtansicht;0.8360067539827102
stich;0.8360067539827102
stigmatisierung des heiligen franziskus;0.8360067539827102
taufe christi;0.8360067539827102
taunuslandschaft;0.8360067539827102
tote vögel;0.8360067539827102
verkündigung;0.8360067539827102
verspottung christi;0.8360067539827102
versuchung des heiligen antonius;0.8360067539827102
wellenschlag;0.8360067539827102
windmühle;0.8360067539827102
zeichnungen;0.8360067539827102
zigeunerin;0.8360067539827102
zwei kupferstiche;0.8360067539827102
zwei landschaften;0.8360067539827102
zwölf hauptfeste;0.8360067539827102
35 bl. schauspielszenen und schauspielerbrustbilder;0.8526939848477146
abend am meer;0.8526939848477146
adam und eva im paradies;0.8526939848477146
ahnenportrait;0.8526939848477146
alupka;0.8526939848477146
am lagerfeuer;0.8526939848477146
amor;0.8526939848477146
amor, den pfeil schärfend;0.8526939848477146
am ufer;0.8526939848477146
am wasser;0.8526939848477146
ansicht von rom;0.8526939848477146
antike wandmalereien im palast duale in mantua;0.8526939848477146
apostelkopf;0.8526939848477146
architekturstück;0.8526939848477146
auferweckung des lazarus;0.8526939848477146
bacchus;0.8526939848477146
bacchus und ariadne;0.8526939848477146
badende knaben;0.8526939848477146
bankett;0.8526939848477146
bäuerin;0.8526939848477146
bauernstube;0.8526939848477146
baum;0.8526939848477146
baumlandschaft;0.8526939848477146
begegnung;0.8526939848477146
bergige landschaft;0.8526939848477146
betender mönch;0.8526939848477146
bewegte see mit schiffen;0.8526939848477146
boote;0.8526939848477146
brandung;0.8526939848477146
brief an peter lambeck;0.8526939848477146
brustbild einer italienerin;0.8526939848477146
brustbild eines herren;0.8526939848477146
christi geburt;0.8526939848477146
christuskopf mit dornenkrone;0.8526939848477146
christus mit der dornenkrone;0.8526939848477146
d'andrade als don juan;0.8526939848477146
das marienleben;0.8526939848477146
der fischer;0.8526939848477146
der frühling;0.8526939848477146
der heilige georg;0.8526939848477146
der heilige hieronymus;0.8526939848477146
der jäger;0.8526939848477146
der sommer;0.8526939848477146
die geburt christi;0.8526939848477146
die heilige magdalena;0.8526939848477146
die taufe christi;0.8526939848477146
die verkündigung;0.8526939848477146
drei frauen;0.8526939848477146
drei köpfe;0.8526939848477146
ein hund;0.8526939848477146
elbrus;0.8526939848477146
elfenbein-miniatur;0.8526939848477146
enthauptung johannes des täufers;0.8526939848477146
entwurf einer kirche;0.8526939848477146
erlöser auf dem thron;0.8526939848477146
erzengel michael;0.8526939848477146
erzieher demonstriert den kindern einen betrunkenen sklaven. antike welt;0.8526939848477146
esther vor ahasver;0.8526939848477146
familienporträt;0.8526939848477146
ferdinand, prinz von preußen;0.8526939848477146
fischfang;0.8526939848477146
flora;0.8526939848477146
friedrich der große (1712-1786);0.8526939848477146
friedrich wilhelm iv. als kronprinz;0.8526939848477146
gebirgssee;0.8526939848477146
gelehrter;0.8526939848477146
gemälde (titel unbekannt);0.8526939848477146
große graphik;0.8526939848477146
grunewaldsee;0.8526939848477146
hafenbild;0.8526939848477146
hafenlandschaft;0.8526939848477146
hafenszene;0.8526939848477146
handstudie;0.8526939848477146
herbstwald;0.8526939848477146
herrenportrait;0.8526939848477146
herzogin philippine charlotte von braunschweig;0.8526939848477146
hochgehobene kosakenfahnen;0.8526939848477146
hockender weiblicher akt;0.8526939848477146
holländische kanallandschaft;0.8526939848477146
hügellandschaft;0.8526939848477146
ikone, der heilige nikolaus;0.8526939848477146
ikone, die geburt der gesegneten jungfrau;0.8526939848477146
ikone, johannes der täufer;0.8526939848477146
im wirtshaus;0.8526939848477146
innenansicht einer kirche;0.8526939848477146
italienische küstenlandschaft;0.8526939848477146
italienisches mädchen;0.8526939848477146
jagdszene;0.8526939848477146
johann august fürst zu anhalt-zerbst (1677-1742);0.8526939848477146
joseph und potiphars weib;0.8526939848477146
judith;0.8526939848477146
judith mit dem haupt des holofernes;0.8526939848477146
kaiser wilhelm i. (1797-1888);0.8526939848477146
kircheninterieur;0.8526939848477146
könig friedrich i. in preußen (1657-1713);0.8526939848477146
könig friedrich wilhelm iii.;0.8526939848477146
kopf einer frau;0.8526939848477146
küchenszene;0.8526939848477146
kühe am wasser;0.8526939848477146
kurfürst friedrich wilhelm der große;0.8526939848477146
kurfürst johann sigismund von brandenburg;0.8526939848477146
landschaft bei nacht;0.8526939848477146
landschaft mit burg;0.8526939848477146
landschaft mit felsen;0.8526939848477146
landschaft mit figuren;0.8526939848477146
landschaft - wandbild;0.8526939848477146
liegende frau;0.8526939848477146
lustige gesellschaft;0.8526939848477146
madonna mit dem kind;0.8526939848477146
männlicher kopf;0.8526939848477146
männlicher studienkopf;0.8526939848477146
mariae himmelfahrt;0.8526939848477146
maria und johannes;0.8526939848477146
markgraf georg friedrich von brandenburg-ansbach-bayreuth;0.8526939848477146
meereslandschaft;0.8526939848477146
merkur und argus;0.8526939848477146
miniaturbild;0.8526939848477146
mondlandschaft;0.8526939848477146
mosaikfußböden. pompeji;0.8526939848477146
musizierende gesellschaft;0.8526939848477146
mutter gottes von ochtyrsk;0.8526939848477146
mutter mit zwei kindern;0.8526939848477146
nach dem regen;0.8526939848477146
nach motiven aus der geschichte der psyche;0.8526939848477146
neptun und amphitrite;0.8526939848477146
noli me tangere;0.8526939848477146
papagei;0.8526939848477146
pferdeschwemme;0.8526939848477146
pferd im stall;0.8526939848477146
pferd in einer landschaft;0.8526939848477146
portrait ahnen;0.8526939848477146
porträt eines alten mannes;0.8526939848477146
predigt johannes des täufers;0.8526939848477146
preußisches militär von 1786;0.8526939848477146
reiterbildnis;0.8526939848477146
rennpferd;0.8526939848477146
römische ruinen;0.8526939848477146
schafe im stall;0.8526939848477146
sixtinische madonna;0.8526939848477146
sonnenaufgang;0.8526939848477146
sonnenblumen;0.8526939848477146
stehende frau;0.8526939848477146
strandbild;0.8526939848477146
tanz;0.8526939848477146
thronende maria mit dem kind und zwei heiligen;0.8526939848477146
toilette der venus;0.8526939848477146
trinker;0.8526939848477146
unbeendete studie;0.8526939848477146
vampyr;0.8526939848477146
venedig, unbekanntes motiv;0.8526939848477146
venus und cupido;0.8526939848477146
waldlandschaft mit bach;0.8526939848477146
wanderer;0.8526939848477146
weg;0.8526939848477146
weibliche figur;0.8526939848477146
weiblicher studienkopf;0.8526939848477146
weißes pferd;0.8526939848477146
wilhelm woldemar anhalt-dessau (1807-1864);0.8526939848477146
wintertag;0.8526939848477146
wolkenstudie;0.8526939848477146
zwei pferde;0.8526939848477146
abend im gebirge;0.8731175048214131
abend im herbst;0.8731175048214131
abstraktion;0.8731175048214131
akte;0.8731175048214131
aktstudie;0.8731175048214131
aktzeichnung;0.8731175048214131
allegorische gruppe;0.8731175048214131
alpensee;0.8731175048214131
alte brücke;0.8731175048214131
alter mönch;0.8731175048214131
alter wald;0.8731175048214131
amalie auguste von anhalt-dessau (1793-1854);0.8731175048214131
am fenster;0.8731175048214131
am waldrand;0.8731175048214131
anbetung der zauberer;0.8731175048214131
anhaltinische landschaft;0.8731175048214131
anna trajectina van brederode (1629-1672);0.8731175048214131
ansicht eines hafens;0.8731175048214131
ansichten von berlin;0.8731175048214131
antike vase mit blumen;0.8731175048214131
antike wandmalereien im palast del te in mantua;0.8731175048214131
antike wandmalereien, pompeji;0.8731175048214131
aquarell;0.8731175048214131
architektonische vedute;0.8731175048214131
architektur;0.8731175048214131
architekturlandschaft;0.8731175048214131
architekturzeichnung;0.8731175048214131
aufbruch zur jagd;0.8731175048214131
auf dem hof;0.8731175048214131
auf der jagd;0.8731175048214131
auf der weide;0.8731175048214131
ausgießung des heiligen geistes;0.8731175048214131
bacchusfest;0.8731175048214131
bauerngesellschaft;0.8731175048214131
bauern in der schenke;0.8731175048214131
bauernkrieg;0.8731175048214131
bei der arbeit;0.8731175048214131
bei der toilette;0.8731175048214131
bergpredigt;0.8731175048214131
beschneidung;0.8731175048214131
betende frau;0.8731175048214131
biblia latina;0.8731175048214131
biblia latina cum postillis;0.8731175048214131
bildnis einer unbekannten jungen frau;0.8731175048214131
bildnis eines bauers;0.8731175048214131
bildnis eines betagten mannes;0.8731175048214131
bildnis eines fürsten;0.8731175048214131
bildnis eines fürsten in halbfigur;0.8731175048214131
bildnis eines geistlichen;0.8731175048214131
bildnis eines knaben;0.8731175048214131
bildnis eines mädchens;0.8731175048214131
bildnis eines offiziers;0.8731175048214131
bildnis eines unbekannten betagten mannes;0.8731175048214131
bildnis friedrich des großen;0.8731175048214131
blattornament;0.8731175048214131
blick auf florenz;0.8731175048214131
blick aus dem fenster;0.8731175048214131
blumengefäß (trepied);0.8731175048214131
blumenkranz;0.8731175048214131
blumenmarkt;0.8731175048214131
blumenstück (supraporte);0.8731175048214131
bodenseelandschaft;0.8731175048214131
brustbild einer alten frau;0.8731175048214131
brustbild einer jungen dame;0.8731175048214131
buchweizen in blüte;0.8731175048214131
"bühnenbildskizze zur oper ""carmen"" zum 3. aufzug";0.8731175048214131
christi verklärung;0.8731175048214131
christus der winzer;0.8731175048214131
christus in der vorhölle;0.8731175048214131
christus in emmaus;0.8731175048214131
clown;0.8731175048214131
cries of london;0.8731175048214131
dämmerung;0.8731175048214131
das konzert;0.8731175048214131
das opfer abrahams;0.8731175048214131
deckenmalerei aus dem 16. jahrhundert im palast del te in mantua;0.8731175048214131
deisis;0.8731175048214131
de proprietatibus rerum;0.8731175048214131
der heilige antonius mit kind;0.8731175048214131
der herbst;0.8731175048214131
der kampf;0.8731175048214131
der kreml in moskau;0.8731175048214131
der markt;0.8731175048214131
der sündenfall;0.8731175048214131
der tod der maria;0.8731175048214131
der trinker;0.8731175048214131
die grablegung christi;0.8731175048214131
die heilige magdalena;0.8731175048214131
die heilige pforte;0.8731175048214131
die jahreszeiten;0.8731175048214131
die malerin;0.8731175048214131
die ruhe auf der flucht;0.8731175048214131
die sintflut;0.8731175048214131
die verlobung der heiligen katharina;0.8731175048214131
die verstoßung der hagar;0.8731175048214131
die welle;0.8731175048214131
dogenpalast in venedig;0.8731175048214131
dorfkirmes;0.8731175048214131
dorfschenke;0.8731175048214131
dorfstrasse;0.8731175048214131
drei kirchenväter;0.8731175048214131
dudelsackpfeifer;0.8731175048214131
eberjagd;0.8731175048214131
eifellandschaft;0.8731175048214131
ein vermannung zur bestendigkeit/ in bekentnis der warheit;0.8731175048214131
ein weberaufstand, 1. noth;0.8731175048214131
elisabeth christine, königin von preußen;0.8731175048214131
enten;0.8731175048214131
entwürfe für die ausmalung des bürgersaals im neuen rathaus: kaiser wilhelm i;0.8731175048214131
entwürfe verschiedener grundrisse - grundriß;0.8731175048214131
epistolae;0.8731175048214131
erschaffung der eva;0.8731175048214131
evangelist lukas;0.8731175048214131
fabrik;0.8731175048214131
familienszene;0.8731175048214131
feldlandschaft;0.8731175048214131
feldweg;0.8731175048214131
felswand;0.8731175048214131
figuren;0.8731175048214131
fliegender engel;0.8731175048214131
fluss;0.8731175048214131
frauengestalt;0.8731175048214131
frauenstudie;0.8731175048214131
friederike, königin von preußen;0.8731175048214131
friedrich ii. herzog von anhalt-dessau (1856-1918);0.8731175048214131
friedrich iii., kurfürst von brandenburg;0.8731175048214131
friedrich wilhelm, der große kurfürst, von brandenburg (1620-1688);0.8731175048214131
friedrich wilhelm ii. von preußen;0.8731175048214131
friedrich wilhelm i., könig von preußen;0.8731175048214131
frühstück;0.8731175048214131
frühstückstisch;0.8731175048214131
fürstenporträt;0.8731175048214131
fürst leopold i. von anhalt-dessau mit seiner familie inmitten von jagdszenen;0.8731175048214131
ganze figur;0.8731175048214131
gebirgige flußlandschaft;0.8731175048214131
gebirgsdorf;0.8731175048214131
geflügel;0.8731175048214131
gehöft;0.8731175048214131
generalmajor friedrich wilhelm freiherr von seydlitz;0.8731175048214131
genuesische küste;0.8731175048214131
gesellschaft im freien;0.8731175048214131
gisela agnes von anhalt-dessau (1722-1751);0.8731175048214131
glaube, liebe, hoffnung;0.8731175048214131
glückwunschkarte;0.8731175048214131
golf von neapel;0.8731175048214131
griechische landschaft;0.8731175048214131
gute hausfrau;0.8731175048214131
hafenansicht;0.8731175048214131
hagar und ismael;0.8731175048214131
hasenjagd;0.8731175048214131
haus;0.8731175048214131
hausmusik;0.8731175048214131
heilige familie mit johannesknaben;0.8731175048214131
heiligenbild;0.8731175048214131
heiliger franziskus;0.8731175048214131
heimkehr;0.8731175048214131
heimkehr von der jagd;0.8731175048214131
heinrich friedrich prinz von oranien (1584-1647);0.8731175048214131
heinrich prinz von preußen;0.8731175048214131
henriette katharina anhalt-dessau (1637-1708);0.8731175048214131
herbstabend;0.8731175048214131
herkules und omphale;0.8731175048214131
herzog ferdinand von braunschweig;0.8731175048214131
himmelfahrt mariä;0.8731175048214131
himmelfahrt mariae;0.8731175048214131
hirte mit herde;0.8731175048214131
hirten mit herde;0.8731175048214131
hirtenszene;0.8731175048214131
holländischer kanal;0.8731175048214131
holländisches interieur;0.8731175048214131
hunde;0.8731175048214131
ikone;0.8731175048214131
ikone, der apostel paulus;0.8731175048214131
ikone, der christ;0.8731175048214131
ikone, heiligen-schutz;0.8731175048214131
ikone, madonna von smolensk;0.8731175048214131
im gebirge;0.8731175048214131
im pferdestall;0.8731175048214131
in der schenke;0.8731175048214131
in einer taverne;0.8731175048214131
italienische gebirgslandschaft;0.8731175048214131
jagdstillleben;0.8731175048214131
jäger;0.8731175048214131
jerusalem;0.8731175048214131
johannes;0.8731175048214131
johannes der evangelist;0.8731175048214131
johann ludwig fürst von anhalt-zerbst-dornburg;0.8731175048214131
judith und holofernes;0.8731175048214131
kai;0.8731175048214131
kaiserin augusta;0.8731175048214131
kaiserin maria theresia;0.8731175048214131
kaiser von österreich;0.8731175048214131
kampfszene;0.8731175048214131
kanal in venedig;0.8731175048214131
karl ii., herzog von mecklenburg-strelitz;0.8731175048214131
kiefernwald;0.8731175048214131
kind;0.8731175048214131
kinderreigen;0.8731175048214131
kirche im tschernigower gouvernement;0.8731175048214131
kirche in galizien;0.8731175048214131
kleopatra;0.8731175048214131
könig friedrich ii. von preußen (1712-1786);0.8731175048214131
könig friedrich wilhelm ii. von preußen (1744-1797);0.8731175048214131
königin elisabeth von preußen;0.8731175048214131
königin sophie charlotte;0.8731175048214131
königin sophie charlotte in preußen;0.8731175048214131
königin sophie charlotte von preußen;0.8731175048214131
kopf eines apostels;0.8731175048214131
kopf eines bauernmädchens;0.8731175048214131
kopf eines heiligen;0.8731175048214131
kreuzabnahme christi;0.8731175048214131
kreuzerhöhung;0.8731175048214131
kronleuchter mit behang aus glas, 12 kerzen;0.8731175048214131
küchenstück;0.8731175048214131
kupferstich (titel unbekannt);0.8731175048214131
kurfürst joachim friedrich von brandenburg (1546-1608);0.8731175048214131
küstenbild;0.8731175048214131
landschaft mit einem hirten, hund pp.;0.8731175048214131
landschaft mit kirche;0.8731175048214131
landschaft mit pappeln;0.8731175048214131
landschaft mit reitern;0.8731175048214131
landschaft mit schloss;0.8731175048214131
landstraße;0.8731175048214131
leda;0.8731175048214131
liber sententiarum cum conclusionibus ii. gorichem;0.8731175048214131
liebesszene;0.8731175048214131
lilien;0.8731175048214131
löwenjagd;0.8731175048214131
lucretia;0.8731175048214131
lukretia;0.8731175048214131
mädchen mit blumen;0.8731175048214131
männliche figur;0.8731175048214131
mann und frau;0.8731175048214131
maria mit dem kind, johannes und joseph;0.8731175048214131
maria mit dem kind und johannes;0.8731175048214131
maria mit dem kind und zwei heiligen;0.8731175048214131
mariä schutz vor dem feuer;0.8731175048214131
maria verkündung;0.8731175048214131
markt;0.8731175048214131
miniatur friedrichs des großen;0.8731175048214131
mondscheinlandschaft am fluss;0.8731175048214131
mühlen;0.8731175048214131
muttergottes von tichwin;0.8731175048214131
nach der jagd;0.8731175048214131
nach der schlacht;0.8731175048214131
neapel;0.8731175048214131
norwegische landschaft;0.8731175048214131
orientale;0.8731175048214131
pan und syrinx;0.8731175048214131
paris;0.8731175048214131
peter der große;0.8731175048214131
pferde im stall;0.8731175048214131
pferdekopf;0.8731175048214131
pferdemarkt;0.8731175048214131
pferdestall;0.8731175048214131
pferdestudie;0.8731175048214131
pfingstrosen;0.8731175048214131
pieta;0.8731175048214131
pifferari;0.8731175048214131
portrait einer frau;0.8731175048214131
portrait eines herrn;0.8731175048214131
porträt einer alten frau;0.8731175048214131
porträt einer jungen dame;0.8731175048214131
porträt eines jungen mädchens;0.8731175048214131
porträt eines knaben;0.8731175048214131
porträt eines unbekannten mannes;0.8731175048214131
porträt peter i.;0.8731175048214131
porträtstudie;0.8731175048214131
potsdam vom brauhausberg;0.8731175048214131
preußisches kriegsschiff;0.8731175048214131
prinzessin friederike von preußen;0.8731175048214131
prinz louis ferdinand von preußen;0.8731175048214131
raub der proserpina;0.8731175048214131
reigen;0.8731175048214131
rendezvous;0.8731175048214131
rokoko;0.8731175048214131
römerin;0.8731175048214131
ruinenbild;0.8731175048214131
schafe auf der weide;0.8731175048214131
schiffe auf dem meer;0.8731175048214131
schlafendes kind;0.8731175048214131
schlafendes mädchen;0.8731175048214131
schmuckrahmen;0.8731175048214131
schwarzes pferd - rappe;0.8731175048214131
schwarzwaldlandschaft;0.8731175048214131
seeansicht;0.8731175048214131
seehafen;0.8731175048214131
seeschlacht;0.8731175048214131
segelschiff;0.8731175048214131
sermones de tempore et de sanctis;0.8731175048214131
sieben reliefbilder: alttestamentarische begebenheiten (:en relief geschnittene bildnisse biblischen inhalts).;0.8731175048214131
sites variés de paysages;0.8731175048214131
sitzende dame;0.8731175048214131
soldaten;0.8731175048214131
sophia anhalt-zerbst (1654-1724);0.8731175048214131
speisung der fünftausend;0.8731175048214131
stehender männlicher akt;0.8731175048214131
stier;0.8731175048214131
stilleben mit obst;0.8731175048214131
strandlandschaft;0.8731175048214131
studie einer frau;0.8731175048214131
studie eines frauenkopfes;0.8731175048214131
südliche küstenlandschaft;0.8731175048214131
supraporte;0.8731175048214131
susanna und die beiden alten;0.8731175048214131
tänzer;0.8731175048214131
tauben;0.8731175048214131
taufe;0.8731175048214131
teil eines glasfensters;0.8731175048214131
test;0.8731175048214131
tête de femme / frauenkopf;0.8731175048214131
thronende madonna;0.8731175048214131
tirolerin;0.8731175048214131
tischgesellschaft;0.8731175048214131
tobias und der engel;0.8731175048214131
tod, mutter und kind;0.8731175048214131
tote fische;0.8731175048214131
tränke;0.8731175048214131
trüber tag;0.8731175048214131
vedute;0.8731175048214131
von nagel;0.8731175048214131
vor dem regen;0.8731175048214131
walchensee;0.8731175048214131
waldpartie;0.8731175048214131
wandmalerei aus dem 16. jahrhundert im palast ducale in mantua;0.8731175048214131
wasserfall im gebirge;0.8731175048214131
was vor grosse und mannichfaltige sünde/ unehre und ferlichkeit/ alle die jenigen so das interim ... annemen ... zuvernemen haben;0.8731175048214131
weibliche badende;0.8731175048214131
winter im dorf;0.8731175048214131
würfelförmige komposition;0.8731175048214131
ziegen;0.8731175048214131
zigeuner;0.8731175048214131
zwei mädchen;0.8731175048214131
abendwolken;0.8994480015720036
ägyptische landschaft;0.8994480015720036
aktstudien;0.8994480015720036
alexander von humboldt;0.8994480015720036
allegorie des sommers;0.8994480015720036
aller leidenden freude;0.8994480015720036
alpine landschaft;0.8994480015720036
alte dame;0.8994480015720036
alte mühle;0.8994480015720036
alter mann mit stock;0.8994480015720036
altes haus;0.8994480015720036
amalie von solms;0.8994480015720036
amazone;0.8994480015720036
amazonenschlacht;0.8994480015720036
am gardasee;0.8994480015720036
am hafen;0.8994480015720036
am kamin;0.8994480015720036
am kochelsee;0.8994480015720036
am starnberger see;0.8994480015720036
amsterdam;0.8994480015720036
am strande;0.8994480015720036
am vierwaldstätter see;0.8994480015720036
anbetung der heiligen drei könige;0.8994480015720036
andreaskirche in kiew;0.8994480015720036
anna selbdritt;0.8994480015720036
ansicht von gastein;0.8994480015720036
ansicht von jerusalem;0.8994480015720036
ansicht von korfu;0.8994480015720036
ansicht von neapel;0.8994480015720036
ansicht von potsdam;0.8994480015720036
antiker mosaikfußboden aus pompeji;0.8994480015720036
antikes relief, grau in grau;0.8994480015720036
antike szene;0.8994480015720036
antike wandmalerei, pompeji;0.8994480015720036
antiochus und stratonike;0.8994480015720036
antoine barberin;0.8994480015720036
antonius mit kind;0.8994480015720036
apostel;0.8994480015720036
apostel petrus;0.8994480015720036
arbeiterfrau;0.8994480015720036
aufbruch zur falkenjagd;0.8994480015720036
auf dem friedhof;0.8994480015720036
auf der brücke;0.8994480015720036
auf der krim;0.8994480015720036
auf der wiese;0.8994480015720036
auffindung mosis;0.8994480015720036
august der starke;0.8994480015720036
august, prinz von preußen;0.8994480015720036
bacchanten;0.8994480015720036
baden;0.8994480015720036
badende jungen;0.8994480015720036
badendes mädchen;0.8994480015720036
bad ischl;0.8994480015720036
bärenhetze;0.8994480015720036
bassin – tuilleries;0.8994480015720036
bäuerin (bauersfrau);0.8994480015720036
bauer mit krug;0.8994480015720036
bauernhaus;0.8994480015720036
bauernhütte;0.8994480015720036
bauerninterieur;0.8994480015720036
bauernkopf;0.8994480015720036
bauerntanz;0.8994480015720036
bäume am wasser;0.8994480015720036
befreiung petri aus dem gefängnis;0.8994480015720036
berchtesgaden;0.8994480015720036
bethlehemitischer kindermord;0.8994480015720036
bettlerfamilie;0.8994480015720036
bibel;0.8994480015720036
bibelszene;0.8994480015720036
biblia;0.8994480015720036
bildnis der gattin des künstlers;0.8994480015720036
bildnis der pompadour;0.8994480015720036
bildnis des imperators pawel i.;0.8994480015720036
bildnis einer alten dame;0.8994480015720036
bildnis einer unbekannten dame;0.8994480015720036
bildnis einer unbekannten frau (im sessel);0.8994480015720036
bildnis eines bauern;0.8994480015720036
bildnis eines fürsten von anhalt-zerbst in harnisch;0.8994480015720036
bildnis eines herrn;0.8994480015720036
bildnis eines jungen;0.8994480015720036
bildnis eines jungen prinzen;0.8994480015720036
bildnis eines soldaten;0.8994480015720036
bildnis eines unbekannten;0.8994480015720036
bildnis eines vornehmen mannes;0.8994480015720036
bildnis könig friedrich wilhelm iii. von preußen (1770-1840);0.8994480015720036
bildnis paul westheim;0.8994480015720036
bildnis prinzessin repnin in halbfigur;0.8994480015720036
birken;0.8994480015720036
blick auf capri;0.8994480015720036
blick auf rom;0.8994480015720036
blumenbild;0.8994480015720036
blumenfeston mit amoretten;0.8994480015720036
blumenstrauss;0.8994480015720036
blumenstrauß vor nische;0.8994480015720036
blumen und schmetterlinge;0.8994480015720036
brandenburgische prinzessin;0.8994480015720036
brief an den kaiser;0.8994480015720036
brunnen;0.8994480015720036
brustbild eines herrn;0.8994480015720036
brustbildnis einer frau;0.8994480015720036
budjaki;0.8994480015720036
burg hohenzollern;0.8994480015720036
campagna-landschaft;0.8994480015720036
canale grande in venedig;0.8994480015720036
carl wilhelm fürst zu anhalt-zerbst (1652-1718);0.8994480015720036
ceres;0.8994480015720036
christian i. fürst zu anhalt-bernburg (1568-1630);0.8994480015720036
christian ii. fürst zu anhalt-bernburg (1599-1656);0.8994480015720036
christi erscheinung;0.8994480015720036
christi himmelfahrt;0.8994480015720036
christoph delphicus zu dohna (1628-1668);0.8994480015720036
christus als gärtner;0.8994480015720036
christus als knabe;0.8994480015720036
christus, mutter gottes, johannes der täufer;0.8994480015720036
christus vor pilatus;0.8994480015720036
chrysanthemen;0.8994480015720036
cimon und pero;0.8994480015720036
cimon und pero (caritas romana);0.8994480015720036
clemens august von bayern (1700-1761) kurfürst und erzbischof von köln, fürstbischof von münster, osnabrück, hildesheim und paderborn als hochmeister des deutschen ordens;0.8994480015720036
dahlien;0.8994480015720036
dame am klavier;0.8994480015720036
dame in schwarz;0.8994480015720036
dame in weiß;0.8994480015720036
daniel in der löwengrube;0.8994480015720036
darstellung im tempel;0.8994480015720036
das abendmahl;0.8994480015720036
das ist ein testbild.;0.8994480015720036
das mädchen;0.8994480015720036
das tischgebet;0.8994480015720036
de anima;0.8994480015720036
demonstration;0.8994480015720036
der apostel petrus;0.8994480015720036
der einsiedler;0.8994480015720036
der erste schnee;0.8994480015720036
der erzengel michael;0.8994480015720036
der geigenspieler;0.8994480015720036
der geiger;0.8994480015720036
der gekreuzigte;0.8994480015720036
der gute hirte;0.8994480015720036
der heilige georg tötet den drachen;0.8994480015720036
der heilige sebastian;0.8994480015720036
der hohlweg;0.8994480015720036
der kuss;0.8994480015720036
der prophet elias;0.8994480015720036
der rheinfall bei schaffhausen;0.8994480015720036
der steinbruch;0.8994480015720036
der teufelssee in den ravensbergen bei potsdam;0.8994480015720036
der traum;0.8994480015720036
der traum josephs;0.8994480015720036
der zeichner;0.8994480015720036
diana auf der hirschjagd;0.8994480015720036
diana und aktäon;0.8994480015720036
diana und callisto;0.8994480015720036
die alttestamentliche dreieinigkeit;0.8994480015720036
die anbetung der heiligen drei könige;0.8994480015720036
die apostel;0.8994480015720036
die bergpredigt;0.8994480015720036
die beweinung christi;0.8994480015720036
die dornenkrönung;0.8994480015720036
die entführung;0.8994480015720036
die götter griechenlands;0.8994480015720036
die großmut des scipio;0.8994480015720036
die heilige;0.8994480015720036
die heilige dreieinigkeit;0.8994480015720036
die heiligen drei könige;0.8994480015720036
die hochzeit zu cana;0.8994480015720036
die kanone;0.8994480015720036
die klugen und die törichten jungfrauen;0.8994480015720036
die kreuzigung christi;0.8994480015720036
die kreuztragung christi;0.8994480015720036
die lautenspielerin;0.8994480015720036
die madonna;0.8994480015720036
die marter der zehntausend;0.8994480015720036
die melancholie;0.8994480015720036
die mühle;0.8994480015720036
die näherin;0.8994480015720036
die rückkehr des verlorenen sohnes;0.8994480015720036
die schmiede des vulkan;0.8994480015720036
dies ist ein neuer testdatensatz.;0.8994480015720036
die vermählung der heiligen katharina;0.8994480015720036
die versuchung des heiligen antonius;0.8994480015720036
die vertreibung aus dem paradies;0.8994480015720036
die vier evangelisten;0.8994480015720036
die wahrsagerin;0.8994480015720036
die wappen der scheurl und geuder;0.8994480015720036
domestic happiness;0.8994480015720036
dorf im winter;0.8994480015720036
dorfszene;0.8994480015720036
dornenkrönung christi;0.8994480015720036
dornröschen;0.8994480015720036
drei tiere;0.8994480015720036
düne;0.8994480015720036
eiche;0.8994480015720036
eine heilige;0.8994480015720036
ein flügel der heiligen pforte;0.8994480015720036
einführung in den tempel;0.8994480015720036
ein paar gegenstücke;0.8994480015720036
ein rechter lesteriger rabsakesbrieff/ geschrieben von einem bischoff an einen christlichen fürsten ...;0.8994480015720036
ein weiblicher kopf auf rundem sockel.;0.8994480015720036
einweihung der alexandersäule in st. petersburg am 11. september 1833;0.8994480015720036
eisvergnügen;0.8994480015720036
eleonore anhalt (1522-1618);0.8994480015720036
elisabeth, königin von preußen;0.8994480015720036
emanuel lebrecht fürst zu anhalt-köthen (1671-1704);0.8994480015720036
engel aus der verkündigungsszene;0.8994480015720036
engel mit kind;0.8994480015720036
entenjagd;0.8994480015720036
entführung der europa;0.8994480015720036
entwürfe für die ausmalung des bürgersaals im neuen rathaus: im neuen reich;0.8994480015720036
entwurf eines spiralturmes - aufriß, längsschnitt und grundriß;0.8994480015720036
entwurf zum lutherdenkmal;0.8994480015720036
erklerung über die sontags evangelia und der fürnembsten fest durchs gantze jahr;0.8994480015720036
erscheinung;0.8994480015720036
erzengel gabriel;0.8994480015720036
esther;0.8994480015720036
expositio canonis missae;0.8994480015720036
falkenjagd;0.8994480015720036
faun und nymphe;0.8994480015720036
felsige landschaft mit wasserfall;0.8994480015720036
feste;0.8994480015720036
figurenbild;0.8994480015720036
figurenstudie;0.8994480015720036
fische;0.8994480015720036
fischerboote;0.8994480015720036
fischmarkt in amsterdam;0.8994480015720036
fjordlandschaft;0.8994480015720036
fortuna;0.8994480015720036
forum romanum;0.8994480015720036
fragment mit heiligem unter einer arkade;0.8994480015720036
französischer prinz;0.8994480015720036
frauen;0.8994480015720036
frauenbild;0.8994480015720036
frauenköpfe;0.8994480015720036
frauenportrait;0.8994480015720036
frauenporträt (portrait de femme);0.8994480015720036
frau mit kind;0.8994480015720036
frau mit kindern;0.8994480015720036
friedrich albrecht fürst zu anhalt-bernburg (1735-1796);0.8994480015720036
friedrich august fürst zu anhalt-zerbst (1734-1793);0.8994480015720036
friedrich erdmann fürst zu anhalt-köthen-pleß (1731-1797);0.8994480015720036
friedrich heinrich eugen anhalt-dessau (1705-1781);0.8994480015720036
friedrich heinrich markgraf von brandenburg-schwedt (1709-1788);0.8994480015720036
friedrich ii. könig von preußen (1712-1786);0.8994480015720036
friedrich ii. von preußen;0.8994480015720036
friedrich wilhelm ii. als prinz von preußen;0.8994480015720036
friedrich wilhelm iii. als kronprinz;0.8994480015720036
friedrich wilhelm iii. von preußen;0.8994480015720036
friedrich wilhelm ii. könig von preußen (1744-1797);0.8994480015720036
früchte;0.8994480015720036
früchtestück;0.8994480015720036
frühlingsmotiv;0.8994480015720036
fünf lithographien;0.8994480015720036
fürstenbildnis mit harnisch;0.8994480015720036
galerie in der villa hadria in tivoli;0.8994480015720036
gartenlandschaft;0.8994480015720036
gastein, österreich;0.8994480015720036
gebirge;0.8994480015720036
geburt der venus;0.8994480015720036
gefilde der seligen;0.8994480015720036
gelendschik;0.8994480015720036
gelenschik;0.8994480015720036
general von scharnhorst;0.8994480015720036
genfer see;0.8994480015720036
gesellschaft im garten;0.8994480015720036
glasarmkronleuchter;0.8994480015720036
goldener herbst;0.8994480015720036
gott vater;0.8994480015720036
graf friedrich von hohenzollern;0.8994480015720036
graphische mappe;0.8994480015720036
grauer tag;0.8994480015720036
großes stillleben;0.8994480015720036
großmutter und enkel;0.8994480015720036
gruppe aus der sintflut;0.8994480015720036
hafen mit reicher staffage;0.8994480015720036
halbfigur;0.8994480015720036
handzeichnungen;0.8994480015720036
hasen;0.8994480015720036
häuser an einem kanal;0.8994480015720036
heilige katharina;0.8994480015720036
heilige nacht;0.8994480015720036
heiligenbild des erlösers;0.8994480015720036
heilige:r;0.8994480015720036
heimkehr des verlorenen sohnes;0.8994480015720036
helios;0.8994480015720036
helmut graf von moltke;0.8994480015720036
henriette eleonore elisabeth fürstin von schönburg-waldenburg;0.8994480015720036
herbstsonne;0.8994480015720036
herde;0.8994480015720036
herzog adolf von nassau;0.8994480015720036
herzog albrecht friedrich von preußen;0.8994480015720036
herzog karl von mecklenburg-strelitz;0.8994480015720036
heuschober;0.8994480015720036
hirte mit kühen;0.8994480015720036
hirtin;0.8994480015720036
hochöfen;0.8994480015720036
hochzeit;0.8994480015720036
hochzeit zu kana;0.8994480015720036
hockende frau;0.8994480015720036
hofjagd in letzlingen;0.8994480015720036
holländerin;0.8994480015720036
holzkirche;0.8994480015720036
hundekopf;0.8994480015720036
ikone, auferstehung;0.8994480015720036
ikone, das schweißtuch der heiligen veronika;0.8994480015720036
ikone, deesis;0.8994480015720036
ikone, der heilige paraskeva;0.8994480015720036
ikone, die verkündigung;0.8994480015720036
ikone, dreikönigsfest;0.8994480015720036
ikone, georg der sieger;0.8994480015720036
ikone, johannes der wegbereiter;0.8994480015720036
ikone, madonna von kazan;0.8994480015720036
ikone, madonna von okhtyrka;0.8994480015720036
ikone, madonna von tykhvin;0.8994480015720036
ikone, nikolaus der wundertäter;0.8994480015720036
"illustration zum roman von v. hugo ""notre-dame de paris""";0.8994480015720036
im gemüsegarten;0.8994480015720036
im kuhstall;0.8994480015720036
im wald;0.8994480015720036
im walde;0.8994480015720036
in der hütte;0.8994480015720036
in der küche;0.8994480015720036
innenansicht einer gotischen kirche;0.8994480015720036
inneres der markuskirche in venedig;0.8994480015720036
institutiones cum glossa;0.8994480015720036
isaak segnet jakob;0.8994480015720036
italien;0.8994480015720036
italienische berglandschaft;0.8994480015720036
italienische hafenansicht;0.8994480015720036
italienische landschaft mit staffage;0.8994480015720036
italienischer fischer;0.8994480015720036
italienisch lernen;0.8994480015720036
jäger mit hund;0.8994480015720036
joachim ernst fürst von anhalt (1536-1586);0.8994480015720036
johanna charlotta brandenburg-schwedt (1682-1750);0.8994480015720036
johann casimir fürst zu anhalt-dessau (1596-1660);0.8994480015720036
johannes der täufer in der wüste;0.8994480015720036
junge;0.8994480015720036
junge frau (jeune femme);0.8994480015720036
kaiser franz i. von österreich;0.8994480015720036
kaiserin alexandra feodorowna von rußland;0.8994480015720036
kaiser joseph ii.;0.8994480015720036
kaiser wilhelm ii.;0.8994480015720036
kalkofen;0.8994480015720036
kämpfende hähne;0.8994480015720036
kanallandschaft;0.8994480015720036
kirche in bojkiwschtschina;0.8994480015720036
klassische landschaft;0.8994480015720036
knabe;0.8994480015720036
kniender männlicher akt;0.8994480015720036
koblenz und ehrenbreitstein;0.8994480015720036
könig albert von sachsen;0.8994480015720036
könig august iii. von polen;0.8994480015720036
könig friedrich wilhelm iii. von preußen;0.8994480015720036
könig friedrich wilhelm iv. von preußen;0.8994480015720036
königin augusta von preußen;0.8994480015720036
königin elisabeth christine;0.8994480015720036
königin friederike luise von preußen;0.8994480015720036
königin henriette maria von england;0.8994480015720036
kopf eines jungen mädchens;0.8994480015720036
köpfe von gelehrten;0.8994480015720036
kopfstudie;0.8994480015720036
korb mit früchten;0.8994480015720036
kosakenberg;0.8994480015720036
kreuztragender christus;0.8994480015720036
kriegsszene;0.8994480015720036
krim-landschaft;0.8994480015720036
kronleuchter mit behang aus glas, 8 kerzen;0.8994480015720036
kronprinz friedrich (iii.) wilhelm;0.8994480015720036
krönung mariä;0.8994480015720036
kruzifix (kiew, sophienkathedrale);0.8994480015720036
kühe an der tränke;0.8994480015720036
kühe im wasser;0.8994480015720036
kühe und schafe;0.8994480015720036
kürbisfeld;0.8994480015720036
kurfürst friedrich ii.;0.8994480015720036
kurfürst friedrich ii. von brandenburg (1413-1471);0.8994480015720036
kurfürst georg wilhelm von brandenburg (1595-1640);0.8994480015720036
kurfürstin dorothea von brandenburg;0.8994480015720036
kurfürstin katharina von brandenburg;0.8994480015720036
kurfürst joachim friedrich von brandenburg;0.8994480015720036
kurfürst johann georg iii. von sachsen (1647-1691);0.8994480015720036
kurfürst karl albrecht von bayern als kaiser karl vii. (1697-1745);0.8994480015720036
lagerszene;0.8994480015720036
lama;0.8994480015720036
lamaistisches tempelbild;0.8994480015720036
ländliches fest;0.8994480015720036
landschaft am meer;0.8994480015720036
landschaft mit badenden frauen;0.8994480015720036
landschaft mit bergen;0.8994480015720036
landschaft mit einer herde;0.8994480015720036
landschaft mit gebäude;0.8994480015720036
landschaft mit gestalten;0.8994480015720036
landschaft mit mühle;0.8994480015720036
landschaft mit personen;0.8994480015720036
landschaft mit schafherde;0.8994480015720036
landschaft mit see;0.8994480015720036
landschaft mit tieren;0.8994480015720036
landschaft mit turm;0.8994480015720036
landschaft mit wasser;0.8994480015720036
landschaft mit wassermühle;0.8994480015720036
landschaft mit wolken;0.8994480015720036
landschaftsszene;0.8994480015720036
landstreicher;0.8994480015720036
landszene;0.8994480015720036
lasset die kindlein zu mir kommen;0.8994480015720036
lauterbrunner tal, im hintergrund die jungfrau;0.8994480015720036
leopold erbprinz von anhalt-dessau (1855-1886);0.8994480015720036
leopold friedrich franz herzog zu anhalt-dessau (1740-1817);0.8994480015720036
leopold fürst zu anhalt-köthen (1694-1728);0.8994480015720036
leopold ii. maximilian fürst zu anhalt-dessau (1700-1751);0.8994480015720036
lesender bauer;0.8994480015720036
lesender mann;0.8994480015720036
lesendes mädchen;0.8994480015720036
liber aggregationis;0.8994480015720036
liber aggregationis etc.;0.8994480015720036
liber sententiarum cum conclusionibus henrici gorichem et concordantiis biblie ac canonum;0.8994480015720036
liebespaar am see;0.8994480015720036
liegende;0.8994480015720036
liegende kuh;0.8994480015720036
loths auszug aus sodom;0.8994480015720036
louisa anhalt-köthen (1779-1811);0.8994480015720036
löwe;0.8994480015720036
lucrezia;0.8994480015720036
mädchenakt;0.8994480015720036
mädchen am fenster;0.8994480015720036
mädchen auf der wiese;0.8994480015720036
mädchengruppe im walde;0.8994480015720036
mädchenkopf nach links;0.8994480015720036
madonna im sessel;0.8994480015720036
madonna met kind / madonna mit kind;0.8994480015720036
madonna mit kind und johannes;0.8994480015720036
madonna mit kind und johannes dem täufer;0.8994480015720036
madonnenkopf;0.8994480015720036
maler: birth stillleben;0.8994480015720036
malleus maleficarum;0.8994480015720036
malprobe;0.8994480015720036
mandolinenspieler;0.8994480015720036
mann;0.8994480015720036
männerakt;0.8994480015720036
märchen;0.8994480015720036
maria als himmelskönigin;0.8994480015720036
maria himmelfahrt;0.8994480015720036
maria magdalena;0.8994480015720036
maria mit dem kind und vier heiligen;0.8994480015720036
mariä schutz und fürbitte;0.8994480015720036
maria stuart (1631-1660);0.8994480015720036
maria und elisabeth;0.8994480015720036
mariä vermählung;0.8994480015720036
markgraf georg von brandenburg;0.8994480015720036
markgraf georg wilhelm von brandenburg-bayreuth (1678-1726);0.8994480015720036
markgraf joachim ernst von brandenburg-ansbach;0.8994480015720036
martha liebermann mit tochter;0.8994480015720036
martin luther und philipp melanchthon;0.8994480015720036
mater dolorosa;0.8994480015720036
maximilian friedrich von königsegg-rot(h)enfels (1708-1784), kurfürst und erzbischof von köln und fürstbischof von münster;0.8994480015720036
meeresstrand;0.8994480015720036
meerlandschaft;0.8994480015720036
merkur;0.8994480015720036
messe in der campagna;0.8994480015720036
minerva;0.8994480015720036
miniaturbildnis des großen kurfürsten friedrich wilhelm von brandenburg;0.8994480015720036
miniaturbildnis könig friedrich wilhelms iv. von preußen als kronprinz;0.8994480015720036
miniatur könig friedrich wilhelms iii.;0.8994480015720036
mittelalter-szene;0.8994480015720036
modell (frau);0.8994480015720036
modus legendi abbreviaturas;0.8994480015720036
mondschein;0.8994480015720036
moorlandschaft;0.8994480015720036
morgendämmerung;0.8994480015720036
moskau;0.8994480015720036
mühle am wasser;0.8994480015720036
musikszene;0.8994480015720036
musizierende bauern;0.8994480015720036
mutter;0.8994480015720036
mutterglück;0.8994480015720036
mutter gottes mit dem christuskind und die heiligen;0.8994480015720036
mutter gottes rührung;0.8994480015720036
mutter gottes und die heiligen;0.8994480015720036
mutter gottes von petschersk;0.8994480015720036
mutter gottes zeichen;0.8994480015720036
mutter mit kindern;0.8994480015720036
nach dem bade;0.8994480015720036
nach dem ball;0.8994480015720036
nach dem gewitter;0.8994480015720036
näherinnen;0.8994480015720036
napoleon;0.8994480015720036
narziß;0.8994480015720036
nature morte et fleurs / stillleben und blumen;0.8994480015720036
niederländische bauernfamilie;0.8994480015720036
norwegischer wasserfall;0.8994480015720036
offizier;0.8994480015720036
ohne titel, porträt;0.8994480015720036
ophelia;0.8994480015720036
orientalische landschaft;0.8994480015720036
ornamente aus catania und siracusa;0.8994480015720036
paar;0.8994480015720036
pan;0.8994480015720036
paradies;0.8994480015720036
parkszene;0.8994480015720036
paul und virginie;0.8994480015720036
peterhof;0.8994480015720036
peterskirche in rom;0.8994480015720036
petrus;0.8994480015720036
pferde auf der weide;0.8994480015720036
pferdedarstellungen;0.8994480015720036
pferdeporträt;0.8994480015720036
pferdestück;0.8994480015720036
pflanzenstudien;0.8994480015720036
phantasielandschaft;0.8994480015720036
philemon und baucis;0.8994480015720036
philippine, prinzessin von preußen;0.8994480015720036
pompejanische wand. umriss;0.8994480015720036
portrait de femme / porträt einer frau;0.8994480015720036
portrait eines mannes;0.8994480015720036
porträt dürers;0.8994480015720036
porträt eines bärtigen mannes;0.8994480015720036
porträt eines mädchens;0.8994480015720036
porträt eines würdenträgers;0.8994480015720036
porträt seiner frau;0.8994480015720036
postilla super epistolas et evangelia;0.8994480015720036
priester;0.8994480015720036
prinz friedrich karl von preußen;0.8994480015720036
prinz ludwig von preußen;0.8994480015720036
prometheus;0.8994480015720036
rationale divinorum officiorum;0.8994480015720036
raub der europa;0.8994480015720036
räuber;0.8994480015720036
rauchender bauer;0.8994480015720036
regenbogen;0.8994480015720036
reiter beim angriff;0.8994480015720036
reiterszene;0.8994480015720036
rheinlandschaft mit burg;0.8994480015720036
rinder auf der weide;0.8994480015720036
ritter, tod und teufel;0.8994480015720036
romanow, paul i. zar von rußland (1754-1801);0.8994480015720036
römische ruinenlandschaft;0.8994480015720036
rosenstilleben;0.8994480015720036
rotarmist;0.8994480015720036
roter mohn;0.8994480015720036
ruinenlandschaft an einer meeresbucht;0.8994480015720036
salzburg;0.8994480015720036
samson und dalila;0.8994480015720036
sanssouci;0.8994480015720036
sauhatz;0.8994480015720036
schächer am kreuz;0.8994480015720036
schaf;0.8994480015720036
schafschur;0.8994480015720036
schafstudie;0.8994480015720036
schauspieler brustbild;0.8994480015720036
schiffbruch;0.8994480015720036
schiffe auf bewegter see;0.8994480015720036
schiffe im hafen;0.8994480015720036
schillers lied von der glocke.;0.8994480015720036
schimmel;0.8994480015720036
schlafender mann;0.8994480015720036
schlechte hausfrau;0.8994480015720036
schlittschuhläufer;0.8994480015720036
schloss;0.8994480015720036
schmuggler;0.8994480015720036
schulszene;0.8994480015720036
seedarstellung;0.8994480015720036
seeküste;0.8994480015720036
seestück mit segelschiffen;0.8994480015720036
selketal im harz;0.8994480015720036
sieben blatt;0.8994480015720036
siesta;0.8994480015720036
simson und dalila;0.8994480015720036
slowakin;0.8994480015720036
soldat;0.8994480015720036
soldat mit mädchen;0.8994480015720036
sorrent;0.8994480015720036
spanierin;0.8994480015720036
spaziergang;0.8994480015720036
spielende putten;0.8994480015720036
stadt;0.8994480015720036
stadtrand;0.8994480015720036
stettiner marinelandschaft;0.8994480015720036
st. georg;0.8994480015720036
stickerin;0.8994480015720036
stilleben (nature morte);0.8994480015720036
stillleben, blumen;0.8994480015720036
stillleben mit hummer;0.8994480015720036
stillleben mit totem hasen;0.8994480015720036
studie mit häusern;0.8994480015720036
"studie zu ""die weber""";0.8994480015720036
studie zu einem theaterkostüm;0.8994480015720036
sturz des phaeton;0.8994480015720036
südküste der krim;0.8994480015720036
summa angelica de casibus conscientiae;0.8994480015720036
super primo sententiarum;0.8994480015720036
susanna;0.8994480015720036
susanna und die alten;0.8994480015720036
sybil;0.8994480015720036
synagoge;0.8994480015720036
szene aus dem alten russischen leben;0.8994480015720036
szene aus der revolution;0.8994480015720036
tanzszene;0.8994480015720036
tauwetter;0.8994480015720036
tegernsee;0.8994480015720036
thronende maria mit dem kind;0.8994480015720036
thronende maria mit dem kind und heiligen;0.8994480015720036
thronende maria mit dem kind und vier heiligen;0.8994480015720036
tiger;0.8994480015720036
tobias mit dem fisch;0.8994480015720036
tod der lukretia;0.8994480015720036
toter vogel;0.8994480015720036
trinkgelage;0.8994480015720036
triumph der galathea;0.8994480015720036
truthähne;0.8994480015720036
tulpen;0.8994480015720036
türke;0.8994480015720036
turmbau zu babel;0.8994480015720036
tuschmalerei. darstellungen aus dem täglichen leben.;0.8994480015720036
überfahrenes kind;0.8994480015720036
ukrainische junge frau;0.8994480015720036
ulenspiegel illustration;0.8994480015720036
venetie / venedig;0.8994480015720036
venus und amoretten;0.8994480015720036
venus und mars;0.8994480015720036
verabschiedung;0.8994480015720036
verkündigung an maria;0.8994480015720036
verstoßung der hagar;0.8994480015720036
versuchung;0.8994480015720036
vesper;0.8994480015720036
victor friedrich fürst zu anhalt-bernburg (1700-1765);0.8994480015720036
vier verschiedene original-lithographien;0.8994480015720036
vierwaldstätter see;0.8994480015720036
violinspieler;0.8994480015720036
vocabularius juris utriusque;0.8994480015720036
vögel;0.8994480015720036
von dem frölichen ablas auff das güldene jar;0.8994480015720036
wahrsagerin;0.8994480015720036
wald am see;0.8994480015720036
waldige landschaft;0.8994480015720036
waldlandschaft mit lichtung;0.8994480015720036
waldlandschaft mit staffage;0.8994480015720036
waldlandschaft mit wasserfall;0.8994480015720036
waldwiese;0.8994480015720036
wallendes meer;0.8994480015720036
wandbranche, gruppe i - variante 2;0.8994480015720036
wandmosaik in der königlichen schlosskapelle in palermo aus dem 12. jahrhundert;0.8994480015720036
wäscherinnen;0.8994480015720036
wasserlandschaft;0.8994480015720036
wasserstelle;0.8994480015720036
weg zur stadt;0.8994480015720036
weibliche figuren;0.8994480015720036
weinprobe;0.8994480015720036
werkzeichnungen für den guß des reiterstandbilds;0.8994480015720036
westfälische landschaft;0.8994480015720036
wiese;0.8994480015720036
wildbach;0.8994480015720036
wildschweinjagd;0.8994480015720036
wilhelm ii.;0.8994480015720036
wilhelm iii. von oranien;0.8994480015720036
wilhelm ii. prinz von oranien (1626-1650);0.8994480015720036
wilhelm i. zu pferde;0.8994480015720036
winterabend;0.8994480015720036
wintermorgen;0.8994480015720036
wintersonne;0.8994480015720036
wörlitzer landschaft;0.8994480015720036
zarin katharina ii. von rußland;0.8994480015720036
zar nikolaus i. von rußland;0.8994480015720036
zeichnung der muskeln eines pferdes;0.8994480015720036
zum parteitag;0.8994480015720036
zwei ahnenbilder;0.8994480015720036
zwei blatt;0.8994480015720036
zwei heilige;0.8994480015720036
zwei köpfe;0.8994480015720036
zwei stiche;0.8994480015720036
2 zeichnungen;0.9365587524107066
3 blätter: pferde;0.9365587524107066
50 lithographien aus der serie „actualité“;0.9365587524107066
6 zeichnungen;0.9365587524107066
aalesund;0.9365587524107066
a bear hunt.;0.9365587524107066
abend am fluss;0.9365587524107066
abend auf dem feld;0.9365587524107066
abendessen;0.9365587524107066
abend im walde;0.9365587524107066
abend in der campagna;0.9365587524107066
abendliche landschaft;0.9365587524107066
abendsonne;0.9365587524107066
abendstimmung;0.9365587524107066
abfahrt nach der insel cythera;0.9365587524107066
abrahams opfer;0.9365587524107066
abraham verstößt hagar;0.9365587524107066
abschied;0.9365587524107066
abundantia;0.9365587524107066
acht blatt;0.9365587524107066
acht radierungen;0.9365587524107066
acht zeichnungen;0.9365587524107066
ackerfeld;0.9365587524107066
adam und eva an der leiche abels;0.9365587524107066
adler;0.9365587524107066
affen;0.9365587524107066
agri parisiensis tabula particularis, ... exhib. j;0.9365587524107066
ägypterin;0.9365587524107066
aktfigur;0.9365587524107066
albertina agnes van nassau (1634-1696);0.9365587524107066
albrecht dürer;0.9365587524107066
album.;0.9365587524107066
albumblatt;0.9365587524107066
album in 24 blättern;0.9365587524107066
alinda;0.9365587524107066
allbeherrscher;0.9365587524107066
allee im herbst;0.9365587524107066
allegorie der malerei;0.9365587524107066
allegorie des herbstes;0.9365587524107066
allegorie des winters;0.9365587524107066
allegorie - unschuld, gerechtigkeit, liebe pp.;0.9365587524107066
allegorische figur eines greises (flußgott ?);0.9365587524107066
alpenglühen;0.9365587524107066
alpental;0.9365587524107066
altardecke;0.9365587524107066
altarleuchter;0.9365587524107066
altaussee;0.9365587524107066
alte eichen;0.9365587524107066
alter bettler;0.9365587524107066
ältere dame;0.9365587524107066
älterer mann;0.9365587524107066
alter kopf im genre des dietrich;0.9365587524107066
alter mann bei der näharbeit;0.9365587524107066
alter mann mit barett;0.9365587524107066
alter mann mit buch;0.9365587524107066
alter mann mit schüssel;0.9365587524107066
alter mönch mit buch;0.9365587524107066
altes burgtheater;0.9365587524107066
alte stadt;0.9365587524107066
aluschta;0.9365587524107066
amalie von lippe-detmold (1678-1700);0.9365587524107066
am bach;0.9365587524107066
am bergfuß;0.9365587524107066
am canale grande in venedig;0.9365587524107066
am dnepr;0.9365587524107066
am donez;0.9365587524107066
am dorfbrunnen;0.9365587524107066
am fluss;0.9365587524107066
am grunewaldsee;0.9365587524107066
am heidehügel;0.9365587524107066
am hof;0.9365587524107066
am inn;0.9365587524107066
am kuban;0.9365587524107066
am landwehrkanal;0.9365587524107066
am meeresstrand;0.9365587524107066
amor mit köcher und pfeilen;0.9365587524107066
amor und venus;0.9365587524107066
amor von einer biene gestochen;0.9365587524107066
amphitrite (allegorie des wassers);0.9365587524107066
amphitrite (wasser);0.9365587524107066
am rhein;0.9365587524107066
am see;0.9365587524107066
am spinnrad;0.9365587524107066
am ufer einer bucht;0.9365587524107066
am wald;0.9365587524107066
anatomia;0.9365587524107066
anatomische studie (elle);0.9365587524107066
anbetung der heiligen drei könige;0.9365587524107066
anbetung der heiligen drei könige;0.9365587524107066
an der fähre;0.9365587524107066
an der günz;0.9365587524107066
an der mole;0.9365587524107066
an der seine;0.9365587524107066
andreas der erstberufene;0.9365587524107066
an einem strand;0.9365587524107066
angler;0.9365587524107066
angriff;0.9365587524107066
anna friederike von anhalt-köthen (1711-1750);0.9365587524107066
anna wilhelmine von anhalt-dessau (1715-1780);0.9365587524107066
anne port auf der insel jersey;0.9365587524107066
ansicht;0.9365587524107066
ansicht der hofgärtnerwohnung zu charlottenhof;0.9365587524107066
ansicht des alten petersburg. handelshof;0.9365587524107066
ansicht des bosporus;0.9365587524107066
ansicht einer burg;0.9365587524107066
ansichten von rom;0.9365587524107066
ansicht von baden-baden;0.9365587524107066
ansicht von bornholm;0.9365587524107066
ansicht von dordrecht;0.9365587524107066
ansicht von jalta;0.9365587524107066
ansicht von königsberg;0.9365587524107066
ansicht von kronberg;0.9365587524107066
ansicht von marburg von osten.;0.9365587524107066
ansicht von rom mit tiber;0.9365587524107066
ansicht von santa maria maggiore;0.9365587524107066
ansicht von teplitz;0.9365587524107066
ansicht von tivoli;0.9365587524107066
anstecknadel;0.9365587524107066
antike akademische figuren, grau in grau en relief;0.9365587524107066
antike bemalte stuckgesimse, pompeji;0.9365587524107066
antike malerei, pompeji und heraculanum;0.9365587524107066
antike opferszene;0.9365587524107066
antiker krieger;0.9365587524107066
antike ruinen;0.9365587524107066
antikes motiv;0.9365587524107066
antike tempellandschaft;0.9365587524107066
antike wandmalereien aus heraculanum und pompeji;0.9365587524107066
antike wandmalereien aus pompeji, ausgegraben 1838;0.9365587524107066
antike wandmalereien, heraculanum;0.9365587524107066
anton günther fürst zu anhalt-zerbst (1653-1714);0.9365587524107066
antonius mit christus als kind;0.9365587524107066
antonius mit christuskind;0.9365587524107066
antwort der predicaten in hessen auff die schrifft des bischoffs von mainz;0.9365587524107066
antwort/ glaub und bekentnis auff das schöne und liebliche interim;0.9365587524107066
apfelbäume in blüte;0.9365587524107066
apfelblüten;0.9365587524107066
apfelstillleben;0.9365587524107066
apoll;0.9365587524107066
apollo und herakles;0.9365587524107066
apoll und marsyas;0.9365587524107066
apostelbild;0.9365587524107066
aquarelle;0.9365587524107066
araberin;0.9365587524107066
arbeitende mädchen;0.9365587524107066
arbeiter mit pfeife;0.9365587524107066
arkadische szene;0.9365587524107066
armstudie;0.9365587524107066
artillerie;0.9365587524107066
asowstahl;0.9365587524107066
assisi;0.9365587524107066
atelierszene;0.9365587524107066
auf dem feld;0.9365587524107066
auf dem floß;0.9365587524107066
auf der alster;0.9365587524107066
auf der flucht;0.9365587524107066
auf der reede;0.9365587524107066
august christian friedrich fürst von anhalt-köthen;0.9365587524107066
august, herzog von sachsen-gotha-altenburg;0.9365587524107066
august wilhelm, prinz von preußen;0.9365587524107066
aurora;0.9365587524107066
aurora vertreibt die nacht;0.9365587524107066
aus dem 30-jährigen krieg;0.9365587524107066
aus klosterneuburg;0.9365587524107066
aus norwegen;0.9365587524107066
ausritt;0.9365587524107066
aussicht;0.9365587524107066
aussicht auf rom;0.9365587524107066
aus venedig;0.9365587524107066
bacchantin;0.9365587524107066
bacchische szene;0.9365587524107066
bachlandschaft;0.9365587524107066
baden-baden;0.9365587524107066
badeszene;0.9365587524107066
bahnhof;0.9365587524107066
balkon;0.9365587524107066
ballszene;0.9365587524107066
banduraspieler;0.9365587524107066
bänkelsänger;0.9365587524107066
bar;0.9365587524107066
bärenhatz;0.9365587524107066
barmherziger samariter;0.9365587524107066
bartholomäus;0.9365587524107066
bärtiger kopf;0.9365587524107066
bärtiger männerkopf;0.9365587524107066
bau des dneprwasserkraftwerkes;0.9365587524107066
bäuerliche szene;0.9365587524107066
bauern beim kartenspiel;0.9365587524107066
bauernfamilie;0.9365587524107066
bauernfest;0.9365587524107066
bauernhochzeit;0.9365587524107066
bauern in einer schenke;0.9365587524107066
bauernjunge;0.9365587524107066
bauernpaar;0.9365587524107066
baumstumpf;0.9365587524107066
bayerische dorflandschaft;0.9365587524107066
bayerische landschaft;0.9365587524107066
bedencken auffs interim;0.9365587524107066
befreiung petri;0.9365587524107066
beim antiquar;0.9365587524107066
beim holzschneider;0.9365587524107066
beim waffenschmied;0.9365587524107066
bekehrung des saulus;0.9365587524107066
bekehrung pauli;0.9365587524107066
bekentnis, unterricht und vermannung der pfarrherrn zu magdeburgk;0.9365587524107066
bergahorn;0.9365587524107066
berge;0.9365587524107066
bergfluß;0.9365587524107066
bergige flusslandschaft;0.9365587524107066
bergkette;0.9365587524107066
berglandschaften;0.9365587524107066
berglandschaft mit herde;0.9365587524107066
bergschlucht;0.9365587524107066
bericht vom interim der theologen zu meissen versamlet. anno 1548;0.9365587524107066
berlin, belle-alliance-platz von der friedrichstraße aus gesehen;0.9365587524107066
berliner weihnachtsmarkt;0.9365587524107066
berlin, kaiser-wilhelm-palais (altes palais), arbeitszimmer wilhelms i.;0.9365587524107066
bestarbeiter;0.9365587524107066
bestattung des patrokles;0.9365587524107066
besuch;0.9365587524107066
betende heilige;0.9365587524107066
betende maria;0.9365587524107066
betender greis;0.9365587524107066
betendes mädchen;0.9365587524107066
betrunkener;0.9365587524107066
bettelknabe;0.9365587524107066
bettlerin;0.9365587524107066
bewaldete hügellandschaften;0.9365587524107066
bewegte see bei aufsteigendem wetter;0.9365587524107066
b. genellis umrisse zu homer.;0.9365587524107066
biblia deutsch;0.9365587524107066
biergarten;0.9365587524107066
bijbelsche voorstelling / biblische szene;0.9365587524107066
bildnis arno holz;0.9365587524107066
bildnis der eleonora von toledo;0.9365587524107066
bildnis der imperatorin katharina ii.;0.9365587524107066
bildnis der königin luise;0.9365587524107066
bildnis des fürsten nikolaj wassiljewitsch repnin (1734-1801);0.9365587524107066
bildnis des generalfeldmarschalls von hindenburg;0.9365587524107066
bildnis des malers bonaventura genelli;0.9365587524107066
bildnis des prinzen friedrich carl;0.9365587524107066
bildnis des vaters;0.9365587524107066
bildnis einer alten italienerin;0.9365587524107066
bildnis einer dame in schwarz;0.9365587524107066
bildnis einer dame mit kind;0.9365587524107066
bildnis einer frau in schwarz;0.9365587524107066
bildnis einer frau mit besonderem haarputz;0.9365587524107066
bildnis einer fürstin in hermelin;0.9365587524107066
bildnis einer odaliske;0.9365587524107066
bildnis einer unbekannten;0.9365587524107066
bildnis einer vornehmen dame in halbfigur;0.9365587524107066
bildnis einer vornehmen jungen dame;0.9365587524107066
bildnis eines alten mannes mit mütze;0.9365587524107066
bildnis eines bärtigen mannes;0.9365587524107066
bildnis eines deutschen fürsten;0.9365587524107066
bildnis eines herrn in halbfigur;0.9365587524107066
bildnis eines mannes mit pelzmütze;0.9365587524107066
bildnis eines patriziers;0.9365587524107066
bildnis eines unbekannten jungen mannes;0.9365587524107066
bildnis eines unbekannten mannes (im sessel);0.9365587524107066
bildnis eines unbekannten offiziers;0.9365587524107066
bildnis eines vornehmen herrn in halbfigur;0.9365587524107066
bildnis friedrich ii. von preußen (1712-1786);0.9365587524107066
bildnis friedrich wilhelm ii.;0.9365587524107066
bildnis gaius julius caesar (100-44 v. chr.);0.9365587524107066
bildnis generalfeldmarschall graf helmuth karl bernhard von moltke (1800-1891);0.9365587524107066
bildnis general gerhard von scharnhorst (1755-1813);0.9365587524107066
bildnis großherzog paul friedrich von mecklenburg-schwerin in ganzer figur;0.9365587524107066
bildnis johann wolfgang von goethe;0.9365587524107066
bildnis kaiser wilhelm i.;0.9365587524107066
bildnis könig friedrich ii. von preußen (1712-1786);0.9365587524107066
bildnis königin luise von preußen (1776-1810);0.9365587524107066
bildnis prinz friedrich josias von sachsen-coburg-saalfeld in halbfigur;0.9365587524107066
bildnisstudie eines mädchens;0.9365587524107066
bildnis von aleksandr i.;0.9365587524107066
bildnis von danyil apostel;0.9365587524107066
bildnis von iwan samojwytsch;0.9365587524107066
bildnis von katharina ii.;0.9365587524107066
bildnis von rembrandt;0.9365587524107066
bildnis von t.g. schewtschenko;0.9365587524107066
bittsteller;0.9365587524107066
black monday or the departure for school - dulce domum or the return from school;0.9365587524107066
blatt;0.9365587524107066
blattornamente;0.9365587524107066
blattstudie;0.9365587524107066
blaue wand mit großer schwebender gruppe. pompeji 1828;0.9365587524107066
blick auf venedig;0.9365587524107066
blick in griechenlands blüte;0.9365587524107066
bloemen / blumen;0.9365587524107066
blücher;0.9365587524107066
blücher mit den waffen napoleons;0.9365587524107066
blühende bäume;0.9365587524107066
blühender garten;0.9365587524107066
blume;0.9365587524107066
blumen auf dem tisch;0.9365587524107066
blumengarten;0.9365587524107066
blumen im korb;0.9365587524107066
blumenmarkt in holland;0.9365587524107066
blumenstillleben / stilleben;0.9365587524107066
blumenstrauß in vase;0.9365587524107066
blumenstück (gartenblumenbouquet);0.9365587524107066
blumenstück mit rosen;0.9365587524107066
blumenstück mit vogel;0.9365587524107066
blumenvase;0.9365587524107066
bodenstanduhr;0.9365587524107066
bodo von bodenhausen-radis (* 1677, † 1699);0.9365587524107066
bogenschnitzender amor;0.9365587524107066
bogenschütze;0.9365587524107066
bojar;0.9365587524107066
bojarin;0.9365587524107066
boot;0.9365587524107066
bornholm;0.9365587524107066
brahms-phantasie;0.9365587524107066
brandenburger tor;0.9365587524107066
bratenplatte (klein) aus dem service friedrichs ii. für das breslauer stadtschloß;0.9365587524107066
bretagne;0.9365587524107066
bretonische küste;0.9365587524107066
brief an christoph gudenus;0.9365587524107066
brief an den reichsvizekanzler;0.9365587524107066
brustbild einer madonna;0.9365587524107066
brustbild eines jünglings;0.9365587524107066
brustbild eines mädchens;0.9365587524107066
brustbild eines offiziers;0.9365587524107066
brustbild eines türken;0.9365587524107066
brustbild großherzog friedrich franz iii. von mecklenburg-schwerin;0.9365587524107066
brustbildnis einer arbeiterfrau;0.9365587524107066
brustbildnis eines alten mannes;0.9365587524107066
brustbildnis eines jungen mannes;0.9365587524107066
brustgestalt einer frau;0.9365587524107066
bruststück einer person;0.9365587524107066
buch der zehn gebote;0.9365587524107066
budjak;0.9365587524107066
"bühnenbildskizze zur oper ""carmen"" zum 2. aufzug";0.9365587524107066
bulla des antichrist;0.9365587524107066
bunte engel;0.9365587524107066
buntkonstruktion;0.9365587524107066
burger;0.9365587524107066
burghof;0.9365587524107066
burg roßlau;0.9365587524107066
burg stolzenfels;0.9365587524107066
büssende magdalena;0.9365587524107066
büste einer frau;0.9365587524107066
canale grande;0.9365587524107066
capriccio;0.9365587524107066
carl georg lebrecht fürst zu anhalt-köthen (1730-1789);0.9365587524107066
carl georg leprecht fürst zu anhalt-köthen-plötzkau (1730-1789);0.9365587524107066
carl i. könig von england;0.9365587524107066
carl ludwig dohna (1733-1813);0.9365587524107066
carl xi. könig von schweden (1655-1697);0.9365587524107066
caroline wilhelmine sophie anhalt-zerbst (1732-1759);0.9365587524107066
carte des isles de majorque, minorque et d´ yvice;0.9365587524107066
caspar cruziger;0.9365587524107066
celifodina;0.9365587524107066
cellist;0.9365587524107066
cellospieler;0.9365587524107066
ceres (allegorie der erde);0.9365587524107066
chiemsee;0.9365587524107066
chien / hund;0.9365587524107066
chinesen mit kindern;0.9365587524107066
chinesische niederlassung;0.9365587524107066
chinesische schlachtenszene;0.9365587524107066
chorknabe;0.9365587524107066
christian anhalt-bernburg-hoym-schaumburg (1698-1720);0.9365587524107066
christi auferstehung;0.9365587524107066
christi beweinung;0.9365587524107066
christine charlotte (1678-1689);0.9365587524107066
christine, königin von schweden;0.9365587524107066
christi passion;0.9365587524107066
christus als guter hirte;0.9365587524107066
christus als kinderfreund;0.9365587524107066
christus am kreuz mit maria, maria magdalena und johannes;0.9365587524107066
christus heilt einen blinden;0.9365587524107066
christus im garten von gethsemane;0.9365587524107066
christus in gethsemane;0.9365587524107066
christus lässt die kinder zu sich kommen;0.9365587524107066
christus mit der weltkugel;0.9365587524107066
christus und maria;0.9365587524107066
christus und maria magdalena;0.9365587524107066
christus vertreibt die wechsler aus dem tempel;0.9365587524107066
christus vor kaiphas;0.9365587524107066
chronos;0.9365587524107066
clemens wenzeslaus von sachsen, kurfürst von trier;0.9365587524107066
constitutiones;0.9365587524107066
cronecken der sassen;0.9365587524107066
cruzifixus;0.9365587524107066
dädalus und ikarus;0.9365587524107066
dame im garten;0.9365587524107066
dame in blau;0.9365587524107066
dame in trauer;0.9365587524107066
dame mit blonden locken in reichem gewande und mit papagei;0.9365587524107066
dame mit fächer;0.9365587524107066
dame mit hund;0.9365587524107066
dame mit papagei;0.9365587524107066
damenbildnis (madame chocquet);0.9365587524107066
damesportret / damenbildnis;0.9365587524107066
dampfschiffe im hafen;0.9365587524107066
dans les coulisses / hinter den kulissen;0.9365587524107066
danzig, den 9. september 1881. begegnung kaiser wilhelms und kaiser alexanders iii. von russland;0.9365587524107066
das alte schloß von schwerin - ansicht von zippendorf aus;0.9365587524107066
das atelier des künstlers;0.9365587524107066
das bacchanal;0.9365587524107066
das blindekuhspiel;0.9365587524107066
das bohnenfest;0.9365587524107066
das gastmahl (im hause) des pharisäers;0.9365587524107066
das glück;0.9365587524107066
das goldene zeitalter;0.9365587524107066
das goldene zeitalter;0.9365587524107066
"das haus der gräfin orlow (""jetzt kaiserliches palais"") in den sperlingsbergen bei moskau";0.9365587524107066
das heilige abendmahl;0.9365587524107066
das innere einer gotischen kirche;0.9365587524107066
das innere einer kirche;0.9365587524107066
das jüngste gericht;0.9365587524107066
das königliche schloß in stockholm;0.9365587524107066
das kranke mädchen;0.9365587524107066
das letzte;0.9365587524107066
das martyrium der heiligen katharina;0.9365587524107066
das palais seiner majestät könig friedrich wilhelms iii. zu berlin;0.9365587524107066
das paradies;0.9365587524107066
das rheintor und der hafen von arnheim;0.9365587524107066
das ständchen;0.9365587524107066
das stelldichein im tiergarten;0.9365587524107066
das unglück;0.9365587524107066
das wappen der familie behaim;0.9365587524107066
dat nye testament düdesch mit den summarien martin luthers;0.9365587524107066
david und goliath;0.9365587524107066
de besnijdenis / beschneidung christi;0.9365587524107066
decades;0.9365587524107066
deckenmalerei aus dem palast del te und palast ducale in mantua;0.9365587524107066
decretales cum summariis suis ...;0.9365587524107066
deiardres entführung;0.9365587524107066
dekorationsgemälde zur centenarfeier 1897;0.9365587524107066
de monetis et mensuris sacrae scripturae;0.9365587524107066
de morbo gallico;0.9365587524107066
der abend;0.9365587524107066
der alte mann;0.9365587524107066
der auszug des beschlusses oder der vorleuffer des leipsischen interims;0.9365587524107066
der besuch;0.9365587524107066
der bethlehemitische kindermord;0.9365587524107066
der blinde geiger;0.9365587524107066
der brand trojas;0.9365587524107066
der brief;0.9365587524107066
der büßende hieronymus;0.9365587524107066
der einzug christi in jerusalem;0.9365587524107066
der evangelist johannes;0.9365587524107066
der fahnenträger;0.9365587524107066
der gefesselte prometheus;0.9365587524107066
der große coppenol;0.9365587524107066
der großmut des scipio;0.9365587524107066
der großvater von oscar ladner als junger mann - portrait;0.9365587524107066
der heilige;0.9365587524107066
der heilige andreas der erstberufene;0.9365587524107066
der heilige antonius;0.9365587524107066
der heilige christoph;0.9365587524107066
der heilige christopherus mit christoph scheurl;0.9365587524107066
der heilige christophorus;0.9365587524107066
der heilige evangelist johannes;0.9365587524107066
der heilige franziskus;0.9365587524107066
der heilige franziskus;0.9365587524107066
der heilige georg der drachentöter;0.9365587524107066
der heilige hieronymus im gehäuse;0.9365587524107066
der heilige johannes der täufer;0.9365587524107066
der heilige lukas, die madonna malend;0.9365587524107066
der heilige martin;0.9365587524107066
der heilige michael;0.9365587524107066
der heilige mitrophanius von woronesch;0.9365587524107066
der heilige petrus;0.9365587524107066
der heilige simeon mit dem christuskind;0.9365587524107066
der herr und die dame;0.9365587524107066
der hl. christophorus;0.9365587524107066
der hl. hieronymus in der wüste;0.9365587524107066
der koch;0.9365587524107066
der kochelsee;0.9365587524107066
der kyffhäuser;0.9365587524107066
der markusplatz in venedig;0.9365587524107066
der mönch;0.9365587524107066
der morgen;0.9365587524107066
der park;0.9365587524107066
der parnaß;0.9365587524107066
der perser;0.9365587524107066
der pferdemarkt;0.9365587524107066
der pilger;0.9365587524107066
der quacksalber;0.9365587524107066
der rattengiftverkäufer;0.9365587524107066
der redner;0.9365587524107066
der regenbogen;0.9365587524107066
der reiche prasser und der arme lazarus;0.9365587524107066
der sämann;0.9365587524107066
der satyr bei der bauernfamilie;0.9365587524107066
der schreibmeister;0.9365587524107066
der segen jakobs;0.9365587524107066
der seiltänzer;0.9365587524107066
der sieger;0.9365587524107066
der spaziergang;0.9365587524107066
der tegernsee;0.9365587524107066
der tod;0.9365587524107066
der tod der virginia;0.9365587524107066
der tote christus von zwei engeln gestützt;0.9365587524107066
der trunkene silen;0.9365587524107066
der turmbau zu babel;0.9365587524107066
der verlorene sohn;0.9365587524107066
der vierwaldstätter see;0.9365587524107066
der von magdeburgk ausschreiben an alle christen. anno 1550 den 24 marcij;0.9365587524107066
der von magdeburgk widerlegung unnd verantwortung alles ungrundts und unglimpffs ...;0.9365587524107066
der watzmann;0.9365587524107066
der wucherer;0.9365587524107066
der zwölfjährige jesus im tempel;0.9365587524107066
de sacramentis;0.9365587524107066
des goldschmieds töchterlein;0.9365587524107066
deutschland, königr. der niederlande, königr. belg;0.9365587524107066
diana auf der jagd;0.9365587524107066
diana im bade;0.9365587524107066
diana und endymion;0.9365587524107066
dido und aeneas;0.9365587524107066
die anbetung der heiligen drei könige;0.9365587524107066
die anbetung des heiligen kindes;0.9365587524107066
die apokalypse;0.9365587524107066
die apostel petrus und paulus;0.9365587524107066
die auferstehung;0.9365587524107066
die auffindung des moses;0.9365587524107066
die ausweisung der hagar;0.9365587524107066
die begegnung;0.9365587524107066
die beiden johannes;0.9365587524107066
die bekehrung des wendenfürsten jazko bei schildhorn;0.9365587524107066
die beschneidung;0.9365587524107066
die bewegungen eines kavalleristen während des angriffs;0.9365587524107066
die burg reina an der elbe;0.9365587524107066
die carmagnole;0.9365587524107066
die darstellung im tempel;0.9365587524107066
die dorfschule;0.9365587524107066
die dreifaltigkeit;0.9365587524107066
die drei göttinnen;0.9365587524107066
die entführung der europa;0.9365587524107066
die erfindung der malerei;0.9365587524107066
die erziehung amors;0.9365587524107066
die familie;0.9365587524107066
die felder;0.9365587524107066
die festung königstein;0.9365587524107066
die flucht der cloelia;0.9365587524107066
die gerechtigkeit;0.9365587524107066
die heilandskirche in sacrow;0.9365587524107066
die heilige cäcilie;0.9365587524107066
die heilige dreieinigkeit im rosenkranz;0.9365587524107066
die heilige elisabeth verteilt almosen;0.9365587524107066
die heilige familie mit dem kaninchen;0.9365587524107066
die heilige familie mit der heuschrecke;0.9365587524107066
die heilige familie mit johannes;0.9365587524107066
die heilige katherina sitzend;0.9365587524107066
die heilige mit buch;0.9365587524107066
die heiligen drei könige;0.9365587524107066
die heilige paraskewa pjatniza;0.9365587524107066
die heimsuchung;0.9365587524107066
die herzogliche mühle in bubainen;0.9365587524107066
die hochzeit zu kana;0.9365587524107066
die israeliten durchqueren das rote meer;0.9365587524107066
die jagd;0.9365587524107066
die jagdbeute;0.9365587524107066
die jungfer;0.9365587524107066
die kleine holzschnittpassion;0.9365587524107066
die klostersuppe;0.9365587524107066
die kreuzigung;0.9365587524107066
die kreuztragung;0.9365587524107066
die küche;0.9365587524107066
die küste von neapel;0.9365587524107066
die lauscherin;0.9365587524107066
die lektüre;0.9365587524107066
die messe des heiligen gregor;0.9365587524107066
die mondnacht;0.9365587524107066
die mutter;0.9365587524107066
die nonne;0.9365587524107066
die predigt johannes des täufers;0.9365587524107066
die räuberbraut;0.9365587524107066
die raucher;0.9365587524107066
die rehhatz;0.9365587524107066
die reiter;0.9365587524107066
die schlacht;0.9365587524107066
die schlacht an der katzbach;0.9365587524107066
die schlafende näherin am fenster;0.9365587524107066
die schutzheiligen von österreich;0.9365587524107066
die seidenzucht;0.9365587524107066
die sinnlichkeit;0.9365587524107066
die spinnerin;0.9365587524107066
die spitzenklöpplerin;0.9365587524107066
die tanzenden rehberger;0.9365587524107066
die taufe;0.9365587524107066
die taufe des kämmerers;0.9365587524107066
die toilette;0.9365587524107066
die totale sonnenfinsternis am 28. juni 1851 in danzig, vom turm der st. petri-schule gesehen od. aussicht vom turm der st. petri-schule in danzig bei sonnenbeleuchtung;0.9365587524107066
die tyrannei mit ihren lastern im kampf gegen die tugenden;0.9365587524107066
die verlobung des tobias;0.9365587524107066
die verspottung christi;0.9365587524107066
die versuchung;0.9365587524107066
die versuchung des heiligen antonius;0.9365587524107066
die versuchung des hl. antonius;0.9365587524107066
die wappen der scheurl und tucher;0.9365587524107066
die wartburg;0.9365587524107066
die weiber von weinsberg;0.9365587524107066
die witwe;0.9365587524107066
die wunderblume;0.9365587524107066
diogenes;0.9365587524107066
diogenes und alexander;0.9365587524107066
distelstudie;0.9365587524107066
dominikanermönch;0.9365587524107066
donez;0.9365587524107066
don juan;0.9365587524107066
don quichotte und sancho pansa;0.9365587524107066
dorf am wasser;0.9365587524107066
dorfansicht;0.9365587524107066
dorfansicht mit bach;0.9365587524107066
dorf bei nacht;0.9365587524107066
dorfhäuser;0.9365587524107066
dorfhof;0.9365587524107066
dorf im mondschein;0.9365587524107066
dörfliche landschaft;0.9365587524107066
dorflustbarkeit;0.9365587524107066
dorf mit kirche;0.9365587524107066
dorf ostorf am ostorfer see;0.9365587524107066
dorf pawlowo;0.9365587524107066
dorothea anhalt-dessau (1581-1631);0.9365587524107066
drängende frau;0.9365587524107066
drei grazien;0.9365587524107066
drei heilige;0.9365587524107066
dreimastbark auf hoher see;0.9365587524107066
drei putten;0.9365587524107066
drei radierungen;0.9365587524107066
dreireihenikone;0.9365587524107066
drei reiter in verschiedenen stellungen;0.9365587524107066
dressurgruppe des dompteurs keth;0.9365587524107066
dr. martin luther (1483-1546);0.9365587524107066
dr. sch.;0.9365587524107066
duell;0.9365587524107066
duett;0.9365587524107066
dünen;0.9365587524107066
düstere winterlandschaft;0.9365587524107066
ecloga;0.9365587524107066
edelmann;0.9365587524107066
eduard herzog von anhalt-dessau (1861-1918);0.9365587524107066
eduard prinz von sachsen-altenburg (1804-1852);0.9365587524107066
eichen;0.9365587524107066
eichenwald;0.9365587524107066
ein alter mann;0.9365587524107066
eine allegorie;0.9365587524107066
eine gemine protestation und klagschrifft aller frommen christen wieder das interim;0.9365587524107066
"""eine gesellschaft""";0.9365587524107066
eine herde;0.9365587524107066
eine hirschjagd;0.9365587524107066
ein engel;0.9365587524107066
eine preußische gesandtschaft vor dem schah von persien.;0.9365587524107066
ein erotisches albumblatt;0.9365587524107066
eine schwester des fürsten leopold zu anhalt-dessau;0.9365587524107066
eine straße;0.9365587524107066
eine türkenschlacht;0.9365587524107066
eingang zum schloßgarten in teplitz;0.9365587524107066
ein gestüt;0.9365587524107066
ein hund friedrich wilhelms ii.;0.9365587524107066
ein kartenspiel;0.9365587524107066
ein männlicher kopf (bruststück) von gips, auf sockel von gips.;0.9365587524107066
ein mann und eine frau;0.9365587524107066
ein militärzug;0.9365587524107066
ein seesturm;0.9365587524107066
ein sehr hoch nötige ermannung/ an das kleine blöde verzahte christlich heufflein;0.9365587524107066
einsiedler;0.9365587524107066
ein steinbruch;0.9365587524107066
ein studienkopf;0.9365587524107066
einzug christi in jerusalem;0.9365587524107066
eisbelustigung unter der stadtmauer;0.9365587524107066
elblandschaft;0.9365587524107066
elefant;0.9365587524107066
elegante figurszene;0.9365587524107066
elegie;0.9365587524107066
elend;0.9365587524107066
elisabeth amalie magdalena von hessen;0.9365587524107066
elisabeth, gemahlin des kurfürsten friedrich i.;0.9365587524107066
elternglück;0.9365587524107066
emilie fontane;0.9365587524107066
engel mit lilie;0.9365587524107066
engelreigen;0.9365587524107066
engel von der maria-verkündigungsszene;0.9365587524107066
entenjäger;0.9365587524107066
entenstilleben;0.9365587524107066
enthüllung der alexandersäule in st. petersburg;0.9365587524107066
entschuldigung matthiae flacij illyrici/ geschriebi ... der mittelding halben;0.9365587524107066
entwurf eines spiralturmes - längs- und querschnitte durch verschiedene ebenen (ii.d);0.9365587524107066
entwurf zu einem brunnen mit thronendem zeus;0.9365587524107066
entwurf zur fahne des anhalt-dessauischen jäger-bataillons;0.9365587524107066
epistolae ad familiares;0.9365587524107066
epistolae familiares;0.9365587524107066
erasmus von rotterdam;0.9365587524107066
erbprinzessin helena paulowna von mecklenburg-schwerin;0.9365587524107066
erbprinz georg;0.9365587524107066
erbstatthalter wilhelm v. von oranien (1748-1806);0.9365587524107066
eremit;0.9365587524107066
erklerung über die trostreiche historiam des leidens und sterbens unsers herrn und heilandes jhesu christi ...;0.9365587524107066
erlegtes wild;0.9365587524107066
ernst von bayern (1554-1612), kurfürst und erzbischof von köln, fürstbischof von freising, lüttich, hildesheim und münster, fürstabt von malmedy und stablo;0.9365587524107066
erotisches blatt;0.9365587524107066
errichtung der ehernen schlange;0.9365587524107066
erscheinungen;0.9365587524107066
erster schnee;0.9365587524107066
erwartung;0.9365587524107066
esel;0.9365587524107066
etliche artikel zu notwendiger kirchenordnung gehörig, welcher sich die pfarrherr und diener der kirchen zu magdeburg ... vereinigt ... haben;0.9365587524107066
etliche warhafftige weissagung und fürneme spruche des martini luthers, die 3. helie vom trübsal, abfal, finsternissen ...;0.9365587524107066
etude / studie;0.9365587524107066
eugen prinz von savoyen (1663-1736);0.9365587524107066
eule auf einem aufgeschlagenen notenbuch stehend, umgeben von mehreren anderen vögeln;0.9365587524107066
europa scoundum legitimae propitinis aereographica;0.9365587524107066
eva;0.9365587524107066
evangelist;0.9365587524107066
exlibris max klinger;0.9365587524107066
exotische landschaft;0.9365587524107066
fabulae;0.9365587524107066
fahnenträger;0.9365587524107066
familie am tisch;0.9365587524107066
familienportraits;0.9365587524107066
familienporträt oppenheim;0.9365587524107066
familienszenen;0.9365587524107066
farbstich (ohne titel);0.9365587524107066
fasciculus temporum;0.9365587524107066
faust;0.9365587524107066
fayencestilleben mit paradiesvogel;0.9365587524107066
feierabend;0.9365587524107066
feldblumen;0.9365587524107066
feldblumenstrauß;0.9365587524107066
feldherr mit elefantenorden;0.9365587524107066
feldmarschall graf moltke;0.9365587524107066
felsenburg;0.9365587524107066
felsengebirge;0.9365587524107066
felsenlandschaft;0.9365587524107066
felsenschlucht;0.9365587524107066
felsenufer;0.9365587524107066
felsiger strand;0.9365587524107066
felsiges ufer;0.9365587524107066
felsstudie;0.9365587524107066
femme nue debout / stehender weiblicher akt;0.9365587524107066
ferdinand von bayern (1577-1650), kurfürst und erzbischof von köln, fürstbischof von lüttich, hildesheim, paderborn und münster, fürstprobst von berchtesgaden, fürstabt von malmedy und stablo;0.9365587524107066
fest im park;0.9365587524107066
fête galante;0.9365587524107066
feuerbach;0.9365587524107066
figuralzeichnung;0.9365587524107066
"figur ""cibele"" oder ""der sommer"" aus der serie ""figuren en buste""";0.9365587524107066
"figurengruppe ""hasen-gruppe, auf flachem, ovalem sockel""";0.9365587524107066
figuren in einer landschaft;0.9365587524107066
"figur ""schiffermädchen"" aus der serie ""kinder als gewerbetreibende""";0.9365587524107066
findung moses;0.9365587524107066
fisch;0.9365587524107066
fischerboot am strand;0.9365587524107066
fischerdorf;0.9365587524107066
fischfang in aserbaidshan;0.9365587524107066
fischmarkt;0.9365587524107066
flache landschaft;0.9365587524107066
flachglasmalerei;0.9365587524107066
flandrische landschaft;0.9365587524107066
flieder in blüte;0.9365587524107066
flötenkonzert;0.9365587524107066
flötenspieler;0.9365587524107066
flüchtende, an einem altar von der priesterin geschützt;0.9365587524107066
flucht nach aegypten;0.9365587524107066
flugblatt auf die geburt wilhelm v. von oranien;0.9365587524107066
flügelaltärchen mit christus am kreuz zwischen maria und johannes;0.9365587524107066
flußansicht;0.9365587524107066
flußgott;0.9365587524107066
fluß im gebirge mit ruinen;0.9365587524107066
flußlandschaft im gebirge;0.9365587524107066
flußlandschaft in gebirgiger gegend;0.9365587524107066
flußlandschaft mit ruinen und staffage;0.9365587524107066
flußlandschaft mit segelboot;0.9365587524107066
flußlandschaft und gebirge;0.9365587524107066
fluss mit brücke;0.9365587524107066
flussufer;0.9365587524107066
flußufer;0.9365587524107066
fontana di trevi in rom;0.9365587524107066
fontane;0.9365587524107066
forellenweiher;0.9365587524107066
fouragierende soldaten;0.9365587524107066
frachtfuhrmänner;0.9365587524107066
frankfurter dom;0.9365587524107066
frauen auf dem felde;0.9365587524107066
frauengruppe;0.9365587524107066
frauenhand;0.9365587524107066
frauen im garten;0.9365587524107066
frauenkopf (tête de femme);0.9365587524107066
frau im garten;0.9365587524107066
frau im sessel;0.9365587524107066
frau in landschaft;0.9365587524107066
frau mit blumen;0.9365587524107066
frau mit fächer;0.9365587524107066
frau mit hut;0.9365587524107066
frau mit tuch;0.9365587524107066
frau sitzend;0.9365587524107066
frau vom rücken gesehen;0.9365587524107066
friederica henrietta anhalt-bernburg (1702-1723);0.9365587524107066
friederike luise, königin von preußen;0.9365587524107066
friederike, prinzessin von preußen;0.9365587524107066
friedrich adolph graf zu lippe-detmold (1667-1718);0.9365587524107066
friedrich august anhalt-zerbst (1734-1793);0.9365587524107066
friedrich august fürst von anhalt-zerbst;0.9365587524107066
friedrich august von anhalt-dessau (1799-1864);0.9365587524107066
friedrich der große als kind;0.9365587524107066
friedrich der große als kronprinz im profil;0.9365587524107066
friedrich der große in älteren jahren;0.9365587524107066
friedrich der große, könig von preußen;0.9365587524107066
friedrich der große mit seinen generalen;0.9365587524107066
friedrich der große zu pferde;0.9365587524107066
friedrich erbprinz zu anhalt-dessau (1769-1814);0.9365587524107066
friedrich ferdinand herzog zu anhalt-köthen-pleß (1769-1830);0.9365587524107066
friedrich heinrich ludwig prinz von preußen (1726-1802);0.9365587524107066
friedrich ii.;0.9365587524107066
friedrich iii. (i.) kurfürst von brandenburg;0.9365587524107066
friedrich ii. könig von preußen, genannt friedrich der große (1712-1786);0.9365587524107066
friedrich wilhelm i. als kind;0.9365587524107066
friedrich wilhelm iv., könig von preußen;0.9365587524107066
friedrich wilhlem i., könig in preußen;0.9365587524107066
fröhliche gesellschaft;0.9365587524107066
früchtestillleben;0.9365587524107066
frucht- und blumengehänge;0.9365587524107066
frühes selbstporträt;0.9365587524107066
frühlingsabend;0.9365587524107066
frühlingsreigen;0.9365587524107066
fünf blatt;0.9365587524107066
fünf miniaturgemälde;0.9365587524107066
fünf zeichnungen;0.9365587524107066
fürst karl wilhelm von anhalt-zerbst (1652-1718);0.9365587524107066
fürstliche dame;0.9365587524107066
fürst wolfgang von anhalt;0.9365587524107066
fußsohle in der verkürzung;0.9365587524107066
futuristische komposition;0.9365587524107066
galantes paar;0.9365587524107066
galante szene;0.9365587524107066
galatea;0.9365587524107066
galoppierende rennpferde mit jockey;0.9365587524107066
gang nach emmaus;0.9365587524107066
gänse;0.9365587524107066
ganymed;0.9365587524107066
gastmahl des belsazar;0.9365587524107066
gastmahl im freien;0.9365587524107066
gebäude;0.9365587524107066
gebirge landschaft;0.9365587524107066
gebirgige landschaft mit herde;0.9365587524107066
gebirgsmühle;0.9365587524107066
gebirgsstrom;0.9365587524107066
gebirgsstudie;0.9365587524107066
geburt des adonis;0.9365587524107066
gefallen;0.9365587524107066
gefangennahme christi;0.9365587524107066
gefecht;0.9365587524107066
gefecht von la fére champenoise am 25. märz 1814;0.9365587524107066
geflügelstilleben;0.9365587524107066
geflügelter genius;0.9365587524107066
gehölz am seeufer;0.9365587524107066
geißelung;0.9365587524107066
geisselung christi;0.9365587524107066
geistlicher;0.9365587524107066
geistlicher würdenträger;0.9365587524107066
gelbe blumen;0.9365587524107066
gelbe wand oben weiß unten braun. pompeji;0.9365587524107066
gemälde (ohne titel);0.9365587524107066
gemischte blumen;0.9365587524107066
gemüseverkäuferin;0.9365587524107066
general-charte von der schweiz. nach den vorzüglic;0.9365587524107066
generalfeldmarschall graf bülow von dennewitz;0.9365587524107066
general graf kleist von nollendorf;0.9365587524107066
general von seydlitz;0.9365587524107066
genre;0.9365587524107066
genrebild;0.9365587524107066
genuesischer seehafen;0.9365587524107066
georges de scuderi;0.9365587524107066
georgica cum commentario;0.9365587524107066
gerahmter kupferstich;0.9365587524107066
gerbermühle;0.9365587524107066
gerhart hauptmann;0.9365587524107066
germania;0.9365587524107066
gesatteltes schwarzes pferd mit schwarzenberg brandzeichen;0.9365587524107066
geschirr;0.9365587524107066
geschlachtetes schwein;0.9365587524107066
geschmückte hütte (kaine);0.9365587524107066
geschwister;0.9365587524107066
gesta romanorum;0.9365587524107066
gethsemane;0.9365587524107066
gewandstudien;0.9365587524107066
gewitterlandschaft;0.9365587524107066
girl and calves;0.9365587524107066
gisela agnes von rath(en) reichsgräfin von nienburg (1669-1740);0.9365587524107066
glasgemälde;0.9365587524107066
glocken;0.9365587524107066
glockenturm;0.9365587524107066
gogels gut am main;0.9365587524107066
goldgräber;0.9365587524107066
golgatha;0.9365587524107066
göttermahl im freien unter bäumen;0.9365587524107066
götterversammlung;0.9365587524107066
göttinger studentenverbindung;0.9365587524107066
gottvater von engeln getragen;0.9365587524107066
gräfin eleonore von hohenlohe-ehringen;0.9365587524107066
graf wolf von zollern;0.9365587524107066
grande pastorale;0.9365587524107066
graphik (gegenstücke);0.9365587524107066
greis;0.9365587524107066
greisenkopf;0.9365587524107066
gretchen;0.9365587524107066
grindelwaldgletscher;0.9365587524107066
große hafenlandschaft;0.9365587524107066
"großes gemälde aus dem ""aachener zimmer""";0.9365587524107066
großherzog friedrich franz von mecklenburg-schwerin;0.9365587524107066
großherzogin alexandrine von mecklenburg-schwerin;0.9365587524107066
großherzog von mecklenburg-schwerin;0.9365587524107066
großmut des scipio;0.9365587524107066
grube nr. 77;0.9365587524107066
grunewaldlandschaft;0.9365587524107066
gruppe;0.9365587524107066
gruppe der alten meister;0.9365587524107066
gruppenbildnis;0.9365587524107066
guéridon in form eines putto (1von2);0.9365587524107066
gursuf;0.9365587524107066
guschtschawyna;0.9365587524107066
haararbeit;0.9365587524107066
hafenstadt;0.9365587524107066
hafen von neapel;0.9365587524107066
hagar in der wüste;0.9365587524107066
hahnenkampf;0.9365587524107066
hain;0.9365587524107066
halbfigur eines mannes;0.9365587524107066
hamburger fischerboot;0.9365587524107066
hand;0.9365587524107066
hände;0.9365587524107066
hardouin de péréfixe de beaumont;0.9365587524107066
haus am wasser;0.9365587524107066
haus der gräfin orlow auf den sperlingsbergen bei moskau;0.9365587524107066
häuser am kanal;0.9365587524107066
haus im garten;0.9365587524107066
haus im wald;0.9365587524107066
haus in kurenjewka;0.9365587524107066
hauskonzert;0.9365587524107066
häusliche szene;0.9365587524107066
haus mit garten;0.9365587524107066
haus unter bäumen;0.9365587524107066
havellandschaft;0.9365587524107066
hedwig sophie anhalt-bernburg (1717-1795);0.9365587524107066
heidelberg;0.9365587524107066
heilandskirche in sacrow;0.9365587524107066
heilige;0.9365587524107066
heilige anna selbdritt;0.9365587524107066
heilige barbara;0.9365587524107066
heilige cäcilie;0.9365587524107066
heilige cäcilie an der orgel;0.9365587524107066
heilige dreifaltigkeit;0.9365587524107066
heilige familie mit elisabeth und johannes;0.9365587524107066
heilige familie mit heiligen;0.9365587524107066
heilige magdalena;0.9365587524107066
heiligenbild des erlösers mit heiligen;0.9365587524107066
heiligenfigur;0.9365587524107066
heiligenszene;0.9365587524107066
heiliger alter;0.9365587524107066
heiliger martin;0.9365587524107066
heilige ursula;0.9365587524107066
heilung eines geisteskranken;0.9365587524107066
heimkehr vom felde;0.9365587524107066
heimsuchung;0.9365587524107066
heinrich prinz von preußen (1726-1802);0.9365587524107066
helene fourment;0.9365587524107066
hemelvaart maria / maria himmelfahrt;0.9365587524107066
henriette amalie anhalt-dessau (1720-1793);0.9365587524107066
henriette katharina fürstin von anhalt-dessau (1637-1708);0.9365587524107066
herakles mit athene und flora;0.9365587524107066
herbstlandschaft mit hochwild;0.9365587524107066
herbstmorgen;0.9365587524107066
herbstmotiv;0.9365587524107066
herbststudie;0.9365587524107066
herbstwind;0.9365587524107066
herde am fluss;0.9365587524107066
herde an der tränke;0.9365587524107066
herde an der wasserstelle;0.9365587524107066
herkules;0.9365587524107066
herkules am scheidewege;0.9365587524107066
herkules tötet den cacus;0.9365587524107066
herkules tötet nessus;0.9365587524107066
herkules trägt die säulen von gades;0.9365587524107066
herman moritz graf von sachsen (1696-1750), genannt marschall von frankreich;0.9365587524107066
herr in rüstung mit kommandostab;0.9365587524107066
herrnbildnis;0.9365587524107066
herzog albrecht von preußen;0.9365587524107066
herzog franz von lothringen;0.9365587524107066
herzog friedrich august von york und albany;0.9365587524107066
herzogin anna sophie von mecklenburg, tochter herzog albrechts von preußen aus erster ehe;0.9365587524107066
herzogin dorothea von sagan;0.9365587524107066
herzogin friederike von york;0.9365587524107066
herzog johann georg von sachsen-weißenfels (1677-1712);0.9365587524107066
herzog karl wilhelm ferdinand von braunschweig;0.9365587524107066
herzogliches schloss in diebzig;0.9365587524107066
hetzjagd auf ein wildschwein;0.9365587524107066
heumiete;0.9365587524107066
heumieten;0.9365587524107066
heuschober auf dem feld;0.9365587524107066
hexe;0.9365587524107066
hieronymus;0.9365587524107066
himmelfahrt der maria;0.9365587524107066
himmel über dem meer;0.9365587524107066
hinterhof;0.9365587524107066
hinterland;0.9365587524107066
hiob;0.9365587524107066
hirsche von hunden gestellt;0.9365587524107066
hirtenidyll;0.9365587524107066
hirtenlandschaft;0.9365587524107066
hirt mit herde;0.9365587524107066
historienbibel;0.9365587524107066
historische landschaft;0.9365587524107066
historisches subjekt;0.9365587524107066
hochebene;0.9365587524107066
hochwasser der enz;0.9365587524107066
hoffnung;0.9365587524107066
holländische dorfschenke;0.9365587524107066
holländische flusslandschaft;0.9365587524107066
holländisches stilleben;0.9365587524107066
holsteinische landschaft;0.9365587524107066
hügel in gau-algesheim;0.9365587524107066
hühnerfütterung;0.9365587524107066
hühner und enten;0.9365587524107066
hund und enten;0.9365587524107066
hütte in einem kleinen garten;0.9365587524107066
ikone, das auge der allwissenheit;0.9365587524107066
ikone, der erlöser;0.9365587524107066
ikone, der erzengel michael;0.9365587524107066
ikone, der heilige georg;0.9365587524107066
ikone, der höchste gott;0.9365587524107066
ikone, die heilige barbara;0.9365587524107066
ikone, die himmelfahrt;0.9365587524107066
ikone, die myrrhe bringenden frauen;0.9365587524107066
ikone, die zwölf heiligen;0.9365587524107066
ikone, drei heilige bischöfe;0.9365587524107066
ikone, kreuzigung;0.9365587524107066
ikone, madonna von volodymyr;0.9365587524107066
ikone, mariä himmelfahrt;0.9365587524107066
illustration;0.9365587524107066
ilsenstein im harz;0.9365587524107066
im atelier;0.9365587524107066
im boot;0.9365587524107066
im dorf;0.9365587524107066
im feldlager;0.9365587524107066
im frühling;0.9365587524107066
im hafen von chioggia;0.9365587524107066
im herbst;0.9365587524107066
im kurpark;0.9365587524107066
im moor;0.9365587524107066
im paradies;0.9365587524107066
im schutz der waffen;0.9365587524107066
im winter;0.9365587524107066
in der grube;0.9365587524107066
in der hocke sitzender kosak;0.9365587524107066
in der kirche;0.9365587524107066
in der stadt;0.9365587524107066
in der taverne;0.9365587524107066
"""indianische"" gewächse";0.9365587524107066
in einem militärlager;0.9365587524107066
in einem park;0.9365587524107066
in einer schänke;0.9365587524107066
infantin margareta teresa (1651-1673), tochter des königs philipp iv. von spanien, gemahlin des kaisers leopold i.;0.9365587524107066
innenbildtasse;0.9365587524107066
innenraum;0.9365587524107066
inneres einer dreischiffigen gotischen kirche;0.9365587524107066
inneres einer kathedrale;0.9365587524107066
interieur einer bauernhütte;0.9365587524107066
interieur einer gotischen kirche;0.9365587524107066
interieur eines zimmers;0.9365587524107066
interieur (school) / dorfschule;0.9365587524107066
isaak segnet jacob;0.9365587524107066
italienische berg- und waldlandschaft mit abendbeleuchtung;0.9365587524107066
italienische hafenlandschaft;0.9365587524107066
italienische hafenszene;0.9365587524107066
italienische ideallandschaft;0.9365587524107066
italienische landschaften und figuren (paysages et personnages italiens);0.9365587524107066
italienische landschaft mit burg;0.9365587524107066
italienische landschaft mit ruine;0.9365587524107066
italienischer hafen;0.9365587524107066
italienisches motiv;0.9365587524107066
italienische stadt;0.9365587524107066
italienisches wirtshaus;0.9365587524107066
itinerarium sacrae. das ist ein reisebuch über die gantze heilige schrifft;0.9365587524107066
itinerarius;0.9365587524107066
jagd auf die wachtel;0.9365587524107066
jagdgesellschaft;0.9365587524107066
jagdhund mit fasan;0.9365587524107066
jagd mit falken;0.9365587524107066
jagdschloß grunewald;0.9365587524107066
jagdschloss letzlingen;0.9365587524107066
jäger im wald;0.9365587524107066
jäger in winterlandschaft;0.9365587524107066
jäger mit hunden;0.9365587524107066
jäger mit totem wild und geflügel;0.9365587524107066
jäger und mädchen;0.9365587524107066
jaguar;0.9365587524107066
jahrmarktszene;0.9365587524107066
jakobs kampf mit dem engel;0.9365587524107066
jeune fille / junges mädchen;0.9365587524107066
johan maurits van nassau-siegen (1604-1679);0.9365587524107066
johanna charlotta von brandenburg-schwedt (1682-1750);0.9365587524107066
johanna charlotte prinzessin zu anhalt-dessau (1682-1750);0.9365587524107066
johannes der täufer mit engel;0.9365587524107066
johann georg i. fürst zu anhalt-dessau (1567-1618);0.9365587524107066
johannis der täufer;0.9365587524107066
johann ludwig fürst zu anhalt-zerbst-dornburg (1656-1704);0.9365587524107066
joseph clemens von bayern (1671-1723), kurfürst und erzbischof von köln, fürstbischof von lüttich, hildesheim, regensburg und freising, fürstprobst von berchtesgaden;0.9365587524107066
josephs traum;0.9365587524107066
judas thaddäus;0.9365587524107066
juda und thamar;0.9365587524107066
judengasse in amsterdam;0.9365587524107066
juffer de marée;0.9365587524107066
julius sabinus in der verbannung;0.9365587524107066
junge dame im brautschleier;0.9365587524107066
junge dame im reitkostüm;0.9365587524107066
junge frau, ein kind auf der schulter tragend;0.9365587524107066
junge frau / jeune femme;0.9365587524107066
junge frau mit blumen;0.9365587524107066
junge frau mit eimern;0.9365587524107066
junge frau mit gepuderter frisur;0.9365587524107066
junge frau mit krug;0.9365587524107066
junger hirte umarmt eine hirtin;0.9365587524107066
junger maler;0.9365587524107066
jungfrau mit kind;0.9365587524107066
jünglingsakt;0.9365587524107066
jünglingsporträt;0.9365587524107066
juni;0.9365587524107066
jupiter und antiope;0.9365587524107066
jupiter und danae;0.9365587524107066
jupiter und jo;0.9365587524107066
kaffeehausszene;0.9365587524107066
kain erschlägt abel;0.9365587524107066
kaiser alexander i.;0.9365587524107066
kaiser alexander i. von russland;0.9365587524107066
kaiser ferdinand ii.;0.9365587524107066
kaiser franz joseph von österreich;0.9365587524107066
kaiser friedrich iii. (1831-1888);0.9365587524107066
kaiserin alexandra feodorowna von russland;0.9365587524107066
kaiser joseph ii. (1741-1790);0.9365587524107066
kaiser karl vi.;0.9365587524107066
kaiser matthias;0.9365587524107066
kaiser maximilian;0.9365587524107066
kaiser wilhelm ii. (1859-1941);0.9365587524107066
kaiser wilhelm ii. als prinz;0.9365587524107066
kakemono;0.9365587524107066
kälber;0.9365587524107066
kalvarienberg;0.9365587524107066
kamele;0.9365587524107066
kampf;0.9365587524107066
kampf auf der brücke;0.9365587524107066
kaninchen;0.9365587524107066
kapuziner;0.9365587524107066
kardinal;0.9365587524107066
kasperltheater auf dem jahrmarkt;0.9365587524107066
kassel, wilhelmshöhe, neues schloss weißenstein, 1.projekt, aufriss der gartenseite;0.9365587524107066
katali;0.9365587524107066
katzenstudie;0.9365587524107066
kauernder weiblicher akt;0.9365587524107066
kaukasischer reiter;0.9365587524107066
kavallerie-gefecht;0.9365587524107066
kavallerist;0.9365587524107066
kiefern;0.9365587524107066
kiefern. gelendschik;0.9365587524107066
kinderfigur;0.9365587524107066
kinder mit blumenkorb;0.9365587524107066
kinderporträt;0.9365587524107066
kinderstudien;0.9365587524107066
kinder und engel (supraporte);0.9365587524107066
kindesgestalt;0.9365587524107066
kind mit katze;0.9365587524107066
kind mit puppe;0.9365587524107066
kirche auf dem friedhof;0.9365587524107066
kirche im charkower gouvernement;0.9365587524107066
kirche im dorf;0.9365587524107066
kirche in podillja;0.9365587524107066
kirchenspalter;0.9365587524107066
kirchgängerin;0.9365587524107066
kleine estnische landschaft;0.9365587524107066
kleine landschaft;0.9365587524107066
kleine landschaft mit baum und wasser;0.9365587524107066
kleiner teich;0.9365587524107066
kleines album in 23 blättern;0.9365587524107066
kleines album in 28 blättern;0.9365587524107066
kleines album in 33 blättern;0.9365587524107066
klein landschap / kleine landschaft;0.9365587524107066
klosterhof;0.9365587524107066
kloster laach;0.9365587524107066
klosterruine im winter bei untergehender sonne;0.9365587524107066
knabe mit hunden;0.9365587524107066
kniende hebe;0.9365587524107066
kniende mädchen;0.9365587524107066
köchin;0.9365587524107066
köchin und jäger;0.9365587524107066
kolossalbüste kaiser wilhelm i.;0.9365587524107066
kommode;0.9365587524107066
kommode, zweitürig;0.9365587524107066
könig adolf friedrich von schweden;0.9365587524107066
könig christian iv. von dänemark;0.9365587524107066
könig christian iv. von dänemark (1577-1648);0.9365587524107066
könig friedrich ii. von preußen;0.9365587524107066
könig friedrich i. von preußen (1657-1713);0.9365587524107066
könig friedrich iv. von dänemark;0.9365587524107066
könig friedrich wilhelm ii.;0.9365587524107066
könig friedrich wilhelm ii. als prinz von preußen;0.9365587524107066
könig friedrich wilhelm i. in preußen;0.9365587524107066
könig friedrich wilhelm i. von preußen;0.9365587524107066
könig friedrich wilhelm i. von preußen (1688-1740);0.9365587524107066
könig friedrich wilhelm iv. von preußen (1795-1861);0.9365587524107066
königin augusta;0.9365587524107066
königin elisabeth christine von preußen;0.9365587524107066
königin henriette maria von england (1609-1669);0.9365587524107066
königin luise ulrike von schweden;0.9365587524107066
königin luise von preußen (1776-1810);0.9365587524107066
könig karl i. von england;0.9365587524107066
könig karl xii. von schweden (1682-1718);0.9365587524107066
könig karl x. von frankreich;0.9365587524107066
könig lear;0.9365587524107066
könig ludwig xiv. von frankreich zu pferde;0.9365587524107066
konvolut von drei handzeichnungen (ohne titel);0.9365587524107066
konzil vom erzengel michael;0.9365587524107066
köpfe;0.9365587524107066
kopf einer arbeiterfrau;0.9365587524107066
kopf einer bäuerin;0.9365587524107066
kopf einer frau. studie;0.9365587524107066
kopf einer heiligen;0.9365587524107066
kopf einer römerin;0.9365587524107066
kopf eines alten juden;0.9365587524107066
kopf eines bärtigen alten;0.9365587524107066
kopf eines bauern;0.9365587524107066
kopf eines bildhauers;0.9365587524107066
kopf eines greises;0.9365587524107066
kopf eines kardinals;0.9365587524107066
kopf eines knaben;0.9365587524107066
kopf eines orientalen;0.9365587524107066
kosak;0.9365587524107066
kosakenbiwak;0.9365587524107066
"""kosak mamaj""";0.9365587524107066
kostümstudie;0.9365587524107066
krankenbesuch;0.9365587524107066
krieger;0.9365587524107066
kriegslandschaft;0.9365587524107066
krimküste;0.9365587524107066
kronleuchter mit behang aus glas, 24 kerzen;0.9365587524107066
kronprinz christian von dänemark;0.9365587524107066
krönung der mutter gottes;0.9365587524107066
kubistische zeichnung;0.9365587524107066
küche;0.9365587524107066
kücheninterieur;0.9365587524107066
küchen-stück;0.9365587524107066
küchenvorräte;0.9365587524107066
kuh auf der weide;0.9365587524107066
kuhherde;0.9365587524107066
kuhstall;0.9365587524107066
kuhweide;0.9365587524107066
kupferdrache;0.9365587524107066
kupferstich (ohne titel);0.9365587524107066
kürassier-offizier;0.9365587524107066
kurfürst christian ii. von sachsen (1583-1611);0.9365587524107066
kurfürst friedrich iii. (i.) zu pferde;0.9365587524107066
kurfürst friedrich wilhelm;0.9365587524107066
kurfürst friedrich wilhelm von brandenburg (1620-1688) zu pferde;0.9365587524107066
kurfürstin hedwig von brandenburg (1513 - 1573), geborene hedwig jagiellonica;0.9365587524107066
kurfürstin maria anna sophie von bayern, prinzessin von polen und sachsen;0.9365587524107066
kurfürstin maria antonia walpurgis von sachsen (1724-1780);0.9365587524107066
kurfürst joachim friedrich;0.9365587524107066
kurfürst joachim ii. von brandenburg;0.9365587524107066
kurfürst joachim i. von brandenburg;0.9365587524107066
kurfürst johann friedrich von sachsen;0.9365587524107066
kurfürst johann georg von brandenburg;0.9365587524107066
kurfürst johann georg von brandenburg (1525-1598);0.9365587524107066
kurfürst johann sigismund von brandenburg (1572-1619/20);0.9365587524107066
kurprinz karl emil von brandenburg (1655-1674);0.9365587524107066
küste mit sturmbewegtem meer;0.9365587524107066
küstenlandschaft mit segelschiffen;0.9365587524107066
la chasse du lièvre;0.9365587524107066
lagernde herden;0.9365587524107066
laguneninsel mit barken;0.9365587524107066
landhaus;0.9365587524107066
landhof;0.9365587524107066
landschaft am bodensee;0.9365587524107066
landschaft am meer - supraporte;0.9365587524107066
landschaft aus italien;0.9365587524107066
landschaft bei neapel;0.9365587524107066
landschaft italienischen charakters;0.9365587524107066
landschaft / landschap;0.9365587524107066
landschaft mit bauern;0.9365587524107066
landschaft mit baum;0.9365587524107066
landschaft mit baumgruppe;0.9365587524107066
landschaft mit berg;0.9365587524107066
landschaft mit burgruine;0.9365587524107066
landschaft mit der taufe christi;0.9365587524107066
landschaft mit eichen;0.9365587524107066
landschaft mit eseltreiber;0.9365587524107066
landschaft mit figurenstaffage;0.9365587524107066
landschaft mit flußtal;0.9365587524107066
landschaft mit gehöft;0.9365587524107066
landschaft mit großem baum;0.9365587524107066
landschaft mit häusern;0.9365587524107066
landschaft mit hirschjagd;0.9365587524107066
landschaft mit hirten;0.9365587524107066
landschaft mit hohen bäumen;0.9365587524107066
landschaft mit jäger;0.9365587524107066
landschaft mit jägern;0.9365587524107066
landschaft mit jäger und hund;0.9365587524107066
landschaft mit kloster;0.9365587524107066
landschaft mit kuh;0.9365587524107066
landschaft mit menschen;0.9365587524107066
landschaft mit mythologischer staffage;0.9365587524107066
landschaft mit personenstaffage;0.9365587524107066
landschaft mit regenbogen;0.9365587524107066
landschaft mit reiter;0.9365587524107066
landschaft mit rinderherde;0.9365587524107066
landschaft mit römischen ruinen;0.9365587524107066
landschaft mit ruinen und ziegenherde;0.9365587524107066
landschaft mit tobias;0.9365587524107066
landschaft mit umzäunung;0.9365587524107066
landschaft mit windmühlen;0.9365587524107066
landschaft mit ziegen;0.9365587524107066
landschaft mit zwei frauen;0.9365587524107066
landschaft mit zwei gehöften;0.9365587524107066
landschaft mit zwei reitern;0.9365587524107066
landschaftsbild;0.9365587524107066
la récit;0.9365587524107066
lastkahn;0.9365587524107066
laterne mit behang aus glas, 4 kerzen;0.9365587524107066
la toilette de venus;0.9365587524107066
lautenspielerin;0.9365587524107066
leben der heiligen barbara;0.9365587524107066
lebensgroßer kopf eines bärtigen alten mannes;0.9365587524107066
leierkastenmann;0.9365587524107066
l'entrée au concert / der eintritt zum konzert;0.9365587524107066
leopold iii. friedrich franz herzog von anhalt-dessau (1740-1817);0.9365587524107066
leopold ii. maximilian von anhalt-dessau (1700-1751);0.9365587524107066
leopoldine marie brandenburg-schwedt (1716-1782);0.9365587524107066
les buveurs / die trinker;0.9365587524107066
lesende;0.9365587524107066
lesende frau;0.9365587524107066
lesender eremit;0.9365587524107066
lesender mönch;0.9365587524107066
lesendes kind;0.9365587524107066
lesen eines briefes;0.9365587524107066
liber chronicarum;0.9365587524107066
liber historiarum;0.9365587524107066
liber sextus decretalium;0.9365587524107066
lichtentaler allee in baden-baden;0.9365587524107066
liebende;0.9365587524107066
liebeswerbung;0.9365587524107066
lieblingshund friedrich wilhelms ii.;0.9365587524107066
liederbuch für dt. landleute.;0.9365587524107066
liegender frauenakt;0.9365587524107066
liegendes kind;0.9365587524107066
liegendes mädchen;0.9365587524107066
liegendes nacktes mädchen;0.9365587524107066
liegende venus;0.9365587524107066
lindenpanorama (eins von zwei);0.9365587524107066
lithographie;0.9365587524107066
loth et ses filles / lot und seine töchter;0.9365587524107066
loth mit seinen töchtern;0.9365587524107066
louis ferdinand, prinz von preußen, 1772-1806;0.9365587524107066
louis hesselin;0.9365587524107066
löwen;0.9365587524107066
löwenkopf;0.9365587524107066
ludwig von anhalt-köthen-pleß (1783-1841);0.9365587524107066
ludwig xiv. könig von frankreich;0.9365587524107066
luise henriette prinzessin von oranien (1627-1667);0.9365587524107066
luise henriette wilhelmine von anhalt-dessau (1750-1811);0.9365587524107066
luise henriette wilhelmine zu anhalt-dessau (1750-1811);0.9365587524107066
luise ulrike prinzessin von preußen, königin von schweden (1720-1782);0.9365587524107066
luna und endymion;0.9365587524107066
macbeth;0.9365587524107066
mädchen am klavier;0.9365587524107066
mädchen beim spiel;0.9365587524107066
mädchen im spanischen kostüm;0.9365587524107066
mädchen in der küche;0.9365587524107066
mädchen mit hund;0.9365587524107066
mädchen mit hut;0.9365587524107066
mädchen mit krug;0.9365587524107066
madeira;0.9365587524107066
madonna, das kind anbetend;0.9365587524107066
madonna in der grotte;0.9365587524107066
madonna mit blütenkranz;0.9365587524107066
madonna mit dem heiligen antonius;0.9365587524107066
madonna mit dem jesuskind;0.9365587524107066
madonna mit dem kind und dem johannesknaben;0.9365587524107066
madonna mit der nelke;0.9365587524107066
madonna mit engeln;0.9365587524107066
madonna mit kind und der heiligen katharina;0.9365587524107066
madonna mit kind und engeln;0.9365587524107066
madonna mit schlafendem kind;0.9365587524107066
madonna und engel;0.9365587524107066
madonna und kind;0.9365587524107066
madonnenbildnis;0.9365587524107066
mainlandschaft;0.9365587524107066
malcesine am gardasee;0.9365587524107066
maler;0.9365587524107066
maler: artur ferraris kaiser wilhelm ii.;0.9365587524107066
maler: baczko landhaus goethes in weimar;0.9365587524107066
maler: buchel oder büchel illumination in trier;0.9365587524107066
maler: fritz sturm strandstück;0.9365587524107066
malerische ansichten aus nürnberg.;0.9365587524107066
mandolinenspielerin;0.9365587524107066
man hört radio;0.9365587524107066
männergestalt;0.9365587524107066
männerkopf.;0.9365587524107066
männliche bildnisstudie im profil;0.9365587524107066
männliche figuren;0.9365587524107066
männliche kopfstudie;0.9365587524107066
männlicher doppelakt;0.9365587524107066
männlicher halbakt;0.9365587524107066
männliches porträt mit faltkragen (plooikraag);0.9365587524107066
männliches porträt / portrait d'homme;0.9365587524107066
mann mit brille;0.9365587524107066
mann mit flöte;0.9365587524107066
mann mit kind;0.9365587524107066
mann mit pfeife;0.9365587524107066
mansportret / herrenporträt;0.9365587524107066
mansportretje / porträt eines mannes;0.9365587524107066
mansportret / männerporträt;0.9365587524107066
mappe mit handzeichnungen;0.9365587524107066
mappe mit zeichnungen;0.9365587524107066
mappe monde ... sur une projection nouvelle d´une;0.9365587524107066
mappen;0.9365587524107066
märchen der nacht;0.9365587524107066
maria dem kind die brust reichend;0.9365587524107066
maria der verkündigung;0.9365587524107066
mariae verkündigung;0.9365587524107066
mariä geburt;0.9365587524107066
maria in der glorie;0.9365587524107066
maria mit christuskind;0.9365587524107066
maria mit dem christusknaben;0.9365587524107066
maria mit dem jesuskind;0.9365587524107066
maria mit dem kind auf dem schoß;0.9365587524107066
maria mit dem kinde von heiligen umgeben;0.9365587524107066
maria mit dem kind und heiligen;0.9365587524107066
maria mit dem kind und joseph;0.9365587524107066
maria mit dem kind und zwei engeln;0.9365587524107066
maria mit gefalteten händen;0.9365587524107066
maria mit kind und engeln;0.9365587524107066
maria theresia;0.9365587524107066
marie bei den elfen;0.9365587524107066
marie bei den elfen, nach einer erzählung von ludwig tieck;0.9365587524107066
marienburg. landschaften mit blick auf marienburg;0.9365587524107066
markgraf christian von brandenburg-bayreuth (1581-1655);0.9365587524107066
markgraf erdmann august von brandenburg-bayreuth;0.9365587524107066
markgraf friedrich wilhelm von brandenburg-ansbach;0.9365587524107066
markgraf friedrich wilhelm von brandenburg-schwedt;0.9365587524107066
markgraf georg wilhelm von brandenburg-kulmbach-bayreuth;0.9365587524107066
markgräfin sophia von brandenburg-ansbach-bayreuth;0.9365587524107066
markgräfin wilhelmine von brandenburg-bayreuth in pilgertracht;0.9365587524107066
märkische flußlandschaft;0.9365587524107066
marktplatz in wertheim;0.9365587524107066
marsch;0.9365587524107066
mars und venus im netz vulkans;0.9365587524107066
marter des heiligen sebastian;0.9365587524107066
martha flersheim;0.9365587524107066
martyrium des heiligen andreas;0.9365587524107066
märzlandschaft;0.9365587524107066
masken;0.9365587524107066
maskiertes paar;0.9365587524107066
mater dolorosa;0.9365587524107066
matthaeus;0.9365587524107066
matthäus;0.9365587524107066
matthias;0.9365587524107066
maximilian heinrich von bayern (1621-1688), kurfürst und erzbischof von köln, fürstbischof von lüttich, hildesheim und münster, fürstprobst von berchtesgaden, fürstabt von malmedy und stablo;0.9365587524107066
maximilian i., könig von bayern;0.9365587524107066
medea;0.9365587524107066
meer bei nacht;0.9365587524107066
meeresbucht;0.9365587524107066
meereslandschaft bei mondschein;0.9365587524107066
meer mit schiff;0.9365587524107066
meerschweinchen;0.9365587524107066
meerstudie;0.9365587524107066
menagerie;0.9365587524107066
merefa;0.9365587524107066
miniatur der markgräfin wilhelmine von brandenburg-bayreuth (1709-1758);0.9365587524107066
miniaturen;0.9365587524107066
miniatur, junge dame;0.9365587524107066
missale misnense;0.9365587524107066
mitleid;0.9365587524107066
modell eines mannes;0.9365587524107066
mohnblumen;0.9365587524107066
mönch beim gebet;0.9365587524107066
mönche;0.9365587524107066
mondnacht am meer;0.9365587524107066
montblanc;0.9365587524107066
monte circello;0.9365587524107066
moor;0.9365587524107066
morgen am fluß;0.9365587524107066
morgen am meer;0.9365587524107066
morgen im herbst;0.9365587524107066
morgenstimmung;0.9365587524107066
moritz prinz von oranien (1567-1625);0.9365587524107066
moses in der wüste;0.9365587524107066
moses mit den gesetzestafeln;0.9365587524107066
moskaliwka;0.9365587524107066
mucius scaevola;0.9365587524107066
mühle im tal;0.9365587524107066
mühle im winter;0.9365587524107066
mühlental von amalfi;0.9365587524107066
mühlhausen in thüringen von der nordseite.;0.9365587524107066
münchen;0.9365587524107066
musizierende engel;0.9365587524107066
mutterfreuden;0.9365587524107066
mutter gottes mit christuskind und johannes dem täufer;0.9365587524107066
muttergottes mit kind;0.9365587524107066
mutter gottes von iwersk;0.9365587524107066
mythologische darstellung;0.9365587524107066
nacht an der krimküste;0.9365587524107066
nächtlicher vesuvausbruch;0.9365587524107066
nächtliche straßenszene;0.9365587524107066
nachtstück;0.9365587524107066
nackte frauengestalt;0.9365587524107066
nacktes mädchen;0.9365587524107066
nacktes paar;0.9365587524107066
nähende frau;0.9365587524107066
najade;0.9365587524107066
nanna;0.9365587524107066
narrenkopf;0.9365587524107066
negerin;0.9365587524107066
nemisee;0.9365587524107066
netzflickerinnen;0.9365587524107066
neubau der alten brücke;0.9365587524107066
nicolas potier de nivion;0.9365587524107066
niederrheinische landschaft;0.9365587524107066
nikolaus der wundertäter;0.9365587524107066
nillandschaft;0.9365587524107066
norddorf;0.9365587524107066
nordische landschaft;0.9365587524107066
norwegische küstenlandschaft;0.9365587524107066
norwegischer fjord;0.9365587524107066
nymphen;0.9365587524107066
oberbayerische landschaft;0.9365587524107066
oberbayern;0.9365587524107066
oberst von waldau;0.9365587524107066
obst;0.9365587524107066
obstgarten;0.9365587524107066
obststilleben;0.9365587524107066
ochsen;0.9365587524107066
oderlandschaft;0.9365587524107066
odysseus und nausikaa;0.9365587524107066
odysseus von eurykleia erkannt;0.9365587524107066
offizier (friedrich wilhelm iii.);0.9365587524107066
ohne titel (eltern);0.9365587524107066
ohne titel (verschiedene kupferstiche);0.9365587524107066
ölgemälde;0.9365587524107066
opferung isaaks;0.9365587524107066
opusculum de fine mundi;0.9365587524107066
orangen auf dunklem grund;0.9365587524107066
orangenbecher mit zwei henkeln;0.9365587524107066
orangerie;0.9365587524107066
oranische oder pfälzische prinzessin;0.9365587524107066
oranische prinzessin;0.9365587524107066
orbis veteribus natus auspii. acad. reg.;0.9365587524107066
orchideen;0.9365587524107066
orientalisches motiv;0.9365587524107066
orpheus;0.9365587524107066
orpheus und euridike;0.9365587524107066
orpheus und eurydike;0.9365587524107066
ostpreußisches ehepaar;0.9365587524107066
ostseeküste;0.9365587524107066
ostseestrand;0.9365587524107066
parerga;0.9365587524107066
pariserin;0.9365587524107066
paris, pont neuf;0.9365587524107066
paris und helena;0.9365587524107066
parktor;0.9365587524107066
partie bei gastein;0.9365587524107066
pelikan;0.9365587524107066
pendule;0.9365587524107066
pendule louis xv;0.9365587524107066
pendule mit figur der ewigkeit;0.9365587524107066
perihermenias;0.9365587524107066
perseus befreit andromeda;0.9365587524107066
peter i. bei poltawa;0.9365587524107066
petersburg;0.9365587524107066
petite pastorale;0.9365587524107066
pfalzgraf christian iv. von zweibrücken;0.9365587524107066
pfalzgraf ottheinrich;0.9365587524107066
pferd des großen kurfürsten;0.9365587524107066
pferde an der tränke;0.9365587524107066
pferdeherde;0.9365587524107066
pferde in einer landschaft;0.9365587524107066
pferdeportrait mit jockey;0.9365587524107066
pferderennen;0.9365587524107066
pferdestudien (vier in einem rahmen unter glas);0.9365587524107066
pfingsten;0.9365587524107066
pflanzenstudie;0.9365587524107066
pflügende bauern;0.9365587524107066
phantasie;0.9365587524107066
phantastische landschaft;0.9365587524107066
pharsalia;0.9365587524107066
philipp melanchthon;0.9365587524107066
philipp wilhelm markgraf von brandenburg-schwedt (1669-1711);0.9365587524107066
philosoph;0.9365587524107066
physiologus;0.9365587524107066
piazetta in venedig;0.9365587524107066
picknick;0.9365587524107066
pierre barthélemy fontane;0.9365587524107066
pietá;0.9365587524107066
pilze;0.9365587524107066
plage / strand;0.9365587524107066
platte (oval) aus dem service friedrich wilhelms ii. neuozier mit bunten blumen und goldspitze;0.9365587524107066
politiker;0.9365587524107066
pompone de bellièvre;0.9365587524107066
ponten cross am clyde;0.9365587524107066
portait onkel max;0.9365587524107066
portät eines herren;0.9365587524107066
portrait de femme / frauenportrait;0.9365587524107066
portrait de jeune fille / porträt eines mädchens;0.9365587524107066
portrait einer frau (portrait de femme);0.9365587524107066
portrait einer jungen frau;0.9365587524107066
portrait eines herren;0.9365587524107066
portrait eines künstlers (portrait d'un artiste);0.9365587524107066
portrait grossmutter;0.9365587524107066
portrait salomo magnus (1778-1812);0.9365587524107066
portrait von anzengruber;0.9365587524107066
portrait von aranka satori;0.9365587524107066
portrait von der mutter von oscar ladners;0.9365587524107066
portrait von einem bauernmädchen;0.9365587524107066
portrait von frau alice ladner;0.9365587524107066
portrait von leopold satori;0.9365587524107066
portrait von oscar ladner;0.9365587524107066
porträt alexander i.;0.9365587524107066
porträt der fürstin anna zu stolberg-wernigerode;0.9365587524107066
porträt der fürstin wassiltschikowa;0.9365587524107066
porträt der landgräfin von steinacker, geb. gräfin von sparr;0.9365587524107066
porträt der tochter des künstlers;0.9365587524107066
porträt des ehepaares glaser;0.9365587524107066
porträt des grafen henrich zu stolberg-wernigerode / mann im gehrock;0.9365587524107066
porträt des grafen potozki;0.9365587524107066
porträt des grafen witte;0.9365587524107066
porträt des kardinals;0.9365587524107066
porträt des kronprinzen wilhelm (1882-1951);0.9365587524107066
porträt des malers sicherer;0.9365587524107066
porträt dr. hans prager;0.9365587524107066
porträt einer dame mit spitzenhaube;0.9365587524107066
porträt einer unbekannten frau;0.9365587524107066
porträt eines alten mannes mit kappe;0.9365587524107066
porträt eines edelmannes;0.9365587524107066
porträt eines geistlichen;0.9365587524107066
porträt eines herren;0.9365587524107066
porträt eines malers;0.9365587524107066
porträt eines unbekannten;0.9365587524107066
porträt frau van den bergh (betsie willing) / mevr. van den bergh;0.9365587524107066
porträt josef wissarionowitsch stalin (1878-1953);0.9365587524107066
porträt paul i.;0.9365587524107066
porträtstudie eines jungen mannes;0.9365587524107066
porträt von friedrich moos;0.9365587524107066
porträt von katharina der großen;0.9365587524107066
porträt von mikhail potocki;0.9365587524107066
porträt von peter i.;0.9365587524107066
porzia;0.9365587524107066
postilla;0.9365587524107066
potiphars weib;0.9365587524107066
potsdam vom mühlenberg;0.9365587524107066
predigender mönch;0.9365587524107066
prinz adalbert von preußen;0.9365587524107066
prinz august ferdinand von preußen;0.9365587524107066
prinzessin;0.9365587524107066
prinzessin marianne [eigentlich maria anna] von sachsen (1761-1820);0.9365587524107066
prinzessin marianne von preußen;0.9365587524107066
prinzessin marie clementine von schönburg-waldenburg;0.9365587524107066
prinzessin wilhelmine luise von preußen;0.9365587524107066
prinz friedrich ludwig von hessen-darmstadt;0.9365587524107066
prinz ludwig georg karl von hessen-darmstadt;0.9365587524107066
prinzregent luitpold;0.9365587524107066
prinz wilhelm von preußen;0.9365587524107066
profilkopf;0.9365587524107066
promenade;0.9365587524107066
prospekt einer hafenstadt;0.9365587524107066
prospekt einer stadt mit zwei türmen;0.9365587524107066
prospekt vom schlosse in weimar;0.9365587524107066
prozession;0.9365587524107066
psalterium davidis;0.9365587524107066
psalterium davidis, iuxta translationem veterem, una cum canticis, hymnis et orationibus ecclasiasticis;0.9365587524107066
puffspiel in einem wirtshaus;0.9365587524107066
puttenreigen;0.9365587524107066
putto mit blumenkranz und spruchband in den wolken;0.9365587524107066
pyramus und thisbe;0.9365587524107066
quadragesimale;0.9365587524107066
quarta pars summe maioris;0.9365587524107066
rabbiner;0.9365587524107066
ramsau bei berchtesgaden;0.9365587524107066
rast;0.9365587524107066
rathaussaal in lüneburg;0.9365587524107066
raub der sabinerinnen;0.9365587524107066
raub des hylas;0.9365587524107066
raubüberfall;0.9365587524107066
rauchende knaben;0.9365587524107066
raufende bauern;0.9365587524107066
razzia;0.9365587524107066
rebekka;0.9365587524107066
rebhuhn;0.9365587524107066
regen;0.9365587524107066
regimentsquartiermeister lehmann;0.9365587524107066
regnorum hispaniae et portugalliae tabula generali;0.9365587524107066
reiche gondel im hafen;0.9365587524107066
reiherbeize;0.9365587524107066
reise- und höhen-charte der schweiz, entworfen und;0.9365587524107066
reiter beim abfeuern;0.9365587524107066
reiterbild;0.9365587524107066
reitergefecht zwischen türken und christen;0.9365587524107066
reitergefecht zwischen türken und rittern;0.9365587524107066
reiterkampf unter den mauern einer festung;0.9365587524107066
reiterscharmützel;0.9365587524107066
reiterschlacht im 17. jahrhundert;0.9365587524107066
reiter zu pferde;0.9365587524107066
reitpferd;0.9365587524107066
reitschule am ufer eines flusses;0.9365587524107066
relief.;0.9365587524107066
religiöse szene (religiöser kampf);0.9365587524107066
rembrandts mutter;0.9365587524107066
rembrandts vater;0.9365587524107066
rennplatz;0.9365587524107066
rheinische landschaft;0.9365587524107066
rheinsberg;0.9365587524107066
rheinufer;0.9365587524107066
rhönlandschaft;0.9365587524107066
rinder;0.9365587524107066
ritter im harnisch;0.9365587524107066
romanow, elisabeth kaiserin von rußland (1729-1761/62);0.9365587524107066
romantische landschaft mit trauerweide;0.9365587524107066
romeo und julia;0.9365587524107066
rosen in einem glas;0.9365587524107066
rosen in einer vase;0.9365587524107066
rosenmädchen;0.9365587524107066
rosenstillleben;0.9365587524107066
rote wand, oben weiß, unten schwarz. pompeji;0.9365587524107066
rotkäppchen;0.9365587524107066
rotpferd;0.9365587524107066
rotterdam;0.9365587524107066
rozen / rosen;0.9365587524107066
rubensstecher;0.9365587524107066
rückenakt;0.9365587524107066
rückkehr des verlorenen sohnes;0.9365587524107066
ruhende diana;0.9365587524107066
ruhender löwe;0.9365587524107066
ruhendes schaf;0.9365587524107066
ruine;0.9365587524107066
ruine des schlosses hardenburg bei dürkheim.;0.9365587524107066
ruine einer gotischen kirche;0.9365587524107066
ruine eines großen gebäudes;0.9365587524107066
ruinen am meer;0.9365587524107066
ruinen des eschbacher schlosses bei landau.;0.9365587524107066
russisches ballett;0.9365587524107066
russische schlittenfahrt;0.9365587524107066
saalfeld in thüringen;0.9365587524107066
sächsische bauernfamilie;0.9365587524107066
säger;0.9365587524107066
salbölträgerinnen;0.9365587524107066
salome mit dem haupt des johannes;0.9365587524107066
salomon opfert den götzen;0.9365587524107066
salomons urteil;0.9365587524107066
salon de ma grand´mère;0.9365587524107066
salvator mundi;0.9365587524107066
salvator mundi;0.9365587524107066
sämann;0.9365587524107066
samson und delila;0.9365587524107066
sämtliche plakate;0.9365587524107066
saporoscher kosak;0.9365587524107066
sappho;0.9365587524107066
saturae;0.9365587524107066
saujagd;0.9365587524107066
säulenhalle;0.9365587524107066
savoyardenknabe;0.9365587524107066
savoyer alpen am genfer see;0.9365587524107066
scene galante (galante szene);0.9365587524107066
schäfer;0.9365587524107066
schäferszene;0.9365587524107066
schafstall in briesen in der uckermark;0.9365587524107066
….schalom asch;0.9365587524107066
scharmützel zwischen türken und christen;0.9365587524107066
schauspielergruppe;0.9365587524107066
schauspielerin;0.9365587524107066
schiff;0.9365587524107066
schiff auf bewegter see;0.9365587524107066
schiffe segeln im frischen winde;0.9365587524107066
schiff im sturm;0.9365587524107066
schiffsuntergang;0.9365587524107066
schiffswerft;0.9365587524107066
schilf;0.9365587524107066
schlacht an der katzbach;0.9365587524107066
schlacht bei königgrätz;0.9365587524107066
schlacht gegen die türken;0.9365587524107066
schlacht gegen türken;0.9365587524107066
schlacht von kosaken gegen türken;0.9365587524107066
schlafende;0.9365587524107066
schlafende diana;0.9365587524107066
schlafender küfer;0.9365587524107066
schlafender löwe;0.9365587524107066
schlafender mönch;0.9365587524107066
schlägerei;0.9365587524107066
schlittenfahrt;0.9365587524107066
schloß babelsberg;0.9365587524107066
schloss ballenstedt;0.9365587524107066
schloß chillon am genfer see;0.9365587524107066
schloß gottlieben am obersee hinter konstanz;0.9365587524107066
schloss hohenzieritz;0.9365587524107066
schloß köpenick;0.9365587524107066
schlosspark;0.9365587524107066
schloß rheinsberg;0.9365587524107066
schloß versailles;0.9365587524107066
schloß waldenburg;0.9365587524107066
schlucht;0.9365587524107066
schlüsselblumen;0.9365587524107066
schmiede;0.9365587524107066
schmiede des vulkan;0.9365587524107066
schneewittchen;0.9365587524107066
schnitter;0.9365587524107066
schottischer jäger mit hunden.;0.9365587524107066
schule von athen;0.9365587524107066
schwarze wand. pompeji 1833;0.9365587524107066
schwarzwaldhaus;0.9365587524107066
schwebende figurengruppe aus pompeji;0.9365587524107066
schwebende figurengruppe aus stabiae;0.9365587524107066
schwebende putten;0.9365587524107066
schwede;0.9365587524107066
schwedische küste;0.9365587524107066
schwedische landschaft;0.9365587524107066
schweineschlachten;0.9365587524107066
seebild;0.9365587524107066
seefische;0.9365587524107066
see im wald;0.9365587524107066
seenlandschaft;0.9365587524107066
seestrand;0.9365587524107066
seestrand bei sturm;0.9365587524107066
seestück (marine);0.9365587524107066
seestück mit fahrzeugen;0.9365587524107066
seestück mit schiffen;0.9365587524107066
seeufer;0.9365587524107066
segelschiffe;0.9365587524107066
segelschiffe im hafen;0.9365587524107066
segelstudie;0.9365587524107066
segnender christus;0.9365587524107066
sehnsucht;0.9365587524107066
seiltänzer;0.9365587524107066
selbstbildnis der künstlerin;0.9365587524107066
selbstbildnis dreiviertel nach links;0.9365587524107066
selbstbildnis im alter von 56 jahren;0.9365587524107066
selbstbildnis mit palette;0.9365587524107066
selbstblidnis;0.9365587524107066
selbstmord der lucretia;0.9365587524107066
selbstporträt des künstlers;0.9365587524107066
serailszene;0.9365587524107066
sermones;0.9365587524107066
sermones de sanctis;0.9365587524107066
shungwa;0.9365587524107066
sibylle;0.9365587524107066
sicht auf die blauen berge bei roßlau a.d. elbe;0.9365587524107066
silhouette;0.9365587524107066
simson;0.9365587524107066
simson bedroht seinen schwiegervater;0.9365587524107066
simson tötet den löwen;0.9365587524107066
simson und dalilah;0.9365587524107066
sintflut;0.9365587524107066
sitzende;0.9365587524107066
sitzende alte frau;0.9365587524107066
sitzende maria mit dem kind, johannes, joseph und elisabeth;0.9365587524107066
sitzender frauenakt;0.9365587524107066
sitzender mädchenakt;0.9365587524107066
sitzender putto;0.9365587524107066
skiläufer;0.9365587524107066
skizze eines lampenschirms;0.9365587524107066
skizze eines plafonds;0.9365587524107066
skizze für pietá;0.9365587524107066
s. maria maggiore in rom;0.9365587524107066
snieg / schnee;0.9365587524107066
soldatenlager;0.9365587524107066
soldatenstudie (soldaten mit pferd);0.9365587524107066
solomon;0.9365587524107066
sonnenuntergang am meer;0.9365587524107066
sonnenuntergang an der havel;0.9365587524107066
sonnenuntergang im winter;0.9365587524107066
sonntagsfrieden;0.9365587524107066
sophia western;0.9365587524107066
sophie charlotte, burggräfin von kirchberg;0.9365587524107066
sophie dorothea prinzessin von braunschweig-lüneburg, königin von preußen (1687-1757);0.9365587524107066
sophie hedwig (1677-1735), prinzessin von dänemark;0.9365587524107066
sophie prinzessin von preußen, markgräfin von brandenburg-schwedt (1719-1765);0.9365587524107066
sorrows of werter;0.9365587524107066
spanierinnen;0.9365587524107066
spielende bauern bei karten und bier;0.9365587524107066
springbrunnen;0.9365587524107066
springendes pferd;0.9365587524107066
stadsgezicht / stadtansicht;0.9365587524107066
stadt am fluss;0.9365587524107066
stadtbild;0.9365587524107066
stadt danilowka;0.9365587524107066
stadt im winter;0.9365587524107066
stallinneres;0.9365587524107066
standbilder von hohen gebäuden umgeben;0.9365587524107066
statue: die heilige elisabeth.;0.9365587524107066
statuette: hellebardier.;0.9365587524107066
statuum lotius italiae novissima repraesentatio;0.9365587524107066
stecher des 17. / 18. jh.;0.9365587524107066
stehende frau im gewand;0.9365587524107066
stehende männer;0.9365587524107066
stehende maria, das kind anbetend;0.9365587524107066
stehender hellebardenträger;0.9365587524107066
stehender knabe;0.9365587524107066
stehender knabenakt;0.9365587524107066
stehender männlicher akt, die linke hand zum kinn;0.9365587524107066
stehender männlicher akt, einen stein in der rechten hand betrachtend;0.9365587524107066
stehender weiblicher rückenakt;0.9365587524107066
stehendes mädchen;0.9365587524107066
stehendes pferd;0.9365587524107066
steinbruch;0.9365587524107066
steppengras;0.9365587524107066
steppenlandschaft;0.9365587524107066
stiefmütterchen;0.9365587524107066
stier nach rechts stehend;0.9365587524107066
stiftung des schwarzen adlerordens;0.9365587524107066
stilleben mit blumen in der vase;0.9365587524107066
stilleben mit erlegtem wild;0.9365587524107066
stilleben mit früchten;0.9365587524107066
stilleben mit früchten und austern;0.9365587524107066
stilleben mit korb;0.9365587524107066
stilleben mit melone;0.9365587524107066
stilleben mit weintrauben;0.9365587524107066
stiller fluss;0.9365587524107066
stilles meer;0.9365587524107066
stilles wasser;0.9365587524107066
stillleben mit blumen;0.9365587524107066
stillleben mit blumen und früchten;0.9365587524107066
stillleben, trauben;0.9365587524107066
st. malo;0.9365587524107066
strandpromenade;0.9365587524107066
straße einer stadt;0.9365587524107066
straße in kairo;0.9365587524107066
straße in königsberg;0.9365587524107066
straße in paris;0.9365587524107066
straßenansicht;0.9365587524107066
straßensänger;0.9365587524107066
straßenszene;0.9365587524107066
streitendes bauernpaar;0.9365587524107066
strickendes mädchen;0.9365587524107066
stromlandschaft;0.9365587524107066
studie einer frau - bäuerin;0.9365587524107066
studie einer jungen frau;0.9365587524107066
studie einer landschaft;0.9365587524107066
studie einer männergestalt;0.9365587524107066
studie eines eichbaums;0.9365587524107066
studie mit gestalt;0.9365587524107066
studie mit gestalten;0.9365587524107066
studienblatt;0.9365587524107066
studienkopf eines greises;0.9365587524107066
"studie zu ""badende knaben""";0.9365587524107066
studie zu einer errichtung der ehernen schlange;0.9365587524107066
stuhl (1von2);0.9365587524107066
sturm;0.9365587524107066
sturm auf dem meer;0.9365587524107066
stürmischer tag;0.9365587524107066
subiaco;0.9365587524107066
südliche parklandschaft;0.9365587524107066
summa de sponsalibus et matrimoniis;0.9365587524107066
summa theologiae, secunda secundae;0.9365587524107066
summa theologiae, tertia;0.9365587524107066
sündenfall;0.9365587524107066
super quarto sententiarum;0.9365587524107066
supraporten;0.9365587524107066
sur la plage / am strand;0.9365587524107066
szene am hafen (kai);0.9365587524107066
szene an der hütte;0.9365587524107066
szene aus dem bauernkrieg;0.9365587524107066
szene im garten;0.9365587524107066
szene in einer schänke;0.9365587524107066
szene in einer taverne;0.9365587524107066
szene nach der schlacht;0.9365587524107066
szenen aus dem bauernleben;0.9365587524107066
szenen aus dem deutsch-österreichischen krieg;0.9365587524107066
tabula delphinatus;0.9365587524107066
tal auf der krim;0.9365587524107066
tanzende;0.9365587524107066
tanzende bauern;0.9365587524107066
tanzende nymphen;0.9365587524107066
tanzendes paar;0.9365587524107066
tanzendes paar im freien;0.9365587524107066
tanz um das goldene kalb;0.9365587524107066
"tapisserie ""pilasterstreifen mit allegorien und hosenbandorden""";0.9365587524107066
tarantella;0.9365587524107066
tasse mit untertasse;0.9365587524107066
teberda;0.9365587524107066
tempelruine;0.9365587524107066
terracina;0.9365587524107066
terrasse;0.9365587524107066
testamentarische szene;0.9365587524107066
testteller;0.9365587524107066
tête d'enfant / kopf eines kindes;0.9365587524107066
tête / kopf;0.9365587524107066
the kennell.;0.9365587524107066
the landlord's family;0.9365587524107066
the moralist;0.9365587524107066
theodor körner;0.9365587524107066
theologicarum sententiarum liber;0.9365587524107066
the romps.;0.9365587524107066
the tenant's family;0.9365587524107066
thuner see;0.9365587524107066
thüringische waldlandschaft;0.9365587524107066
tiere;0.9365587524107066
tiere von der weide zurückkehrend;0.9365587524107066
tierstück mit totem geflügel;0.9365587524107066
tierstudien;0.9365587524107066
tigerjagd;0.9365587524107066
titelblatt;0.9365587524107066
titel nicht feststellbar;0.9365587524107066
toast;0.9365587524107066
tobias;0.9365587524107066
tobias mit dem engel;0.9365587524107066
tobias mit engeln;0.9365587524107066
tochter des großen kurfürsten;0.9365587524107066
tochter des künstlers;0.9365587524107066
tod mariae;0.9365587524107066
tor;0.9365587524107066
torso;0.9365587524107066
totenkopf;0.9365587524107066
toter soldat, von einem hund bewacht;0.9365587524107066
totius regni galliae s. franciae tabula;0.9365587524107066
transfiguration;0.9365587524107066
traurige madonna;0.9365587524107066
treppenaufgang;0.9365587524107066
treptow;0.9365587524107066
tres nouvelle carte de la france divisée en toutes;0.9365587524107066
trinkerszene;0.9365587524107066
triptychon;0.9365587524107066
triton und nereide;0.9365587524107066
triumph der galatea;0.9365587524107066
triumph der venus;0.9365587524107066
triumphfahrt des großen kurfürsten;0.9365587524107066
triumphzug;0.9365587524107066
tropische landschaft;0.9365587524107066
trunkener silen;0.9365587524107066
truthahn;0.9365587524107066
tscherkesse;0.9365587524107066
tschufut-kale;0.9365587524107066
tunis;0.9365587524107066
türkenkopf;0.9365587524107066
türkischer feldherr zu pferde;0.9365587524107066
überfall;0.9365587524107066
übergang friedrich wilhelms iii. über den rhein;0.9365587524107066
ukrainische landschaft;0.9365587524107066
ukrainisches dorf;0.9365587524107066
ulrike eleonore königin von schweden (1656-1693);0.9365587524107066
ulysses auf der insel calypso;0.9365587524107066
umgebungen von charkow;0.9365587524107066
umgebung von taormina mit dem ätna;0.9365587524107066
umrisse zum homer.;0.9365587524107066
unbekannt (carl schröder?) braunschweig. schloss neu-richmond bzw. herzogliche villa bei braunschweig, gesellschaftsaal in neugotischem stil;0.9365587524107066
unbekannte frau;0.9365587524107066
unbekannte fürstin;0.9365587524107066
unbekannte prinzessin;0.9365587524107066
unbekannter fürst;0.9365587524107066
unbekanntes sujet (komposition mit zwei gestalten);0.9365587524107066
undine;0.9365587524107066
unvollendete studie mit vögeln;0.9365587524107066
urteil des salomon;0.9365587524107066
vanitas;0.9365587524107066
vanitas stilleben;0.9365587524107066
vater;0.9365587524107066
vater und sohn;0.9365587524107066
venedig, der platz von san marco;0.9365587524107066
venezianischer prospekt;0.9365587524107066
venus, amor und adonis, von nymphen bedient;0.9365587524107066
venus von najaden umgeben;0.9365587524107066
verbrüderung friedrich wilhelms i. von preußen und augusts ii. von polen 1728;0.9365587524107066
vergoldeter profil-/kartuschenrahmen;0.9365587524107066
vergoldeter profilrahmen;0.9365587524107066
vergoldeter schmuckrahmen mit eck- und mittelkartuschen;0.9365587524107066
vergoldeter schnitzrahmen;0.9365587524107066
vergoldeter schnitzrahmen mit eck- und mittelkartuschen;0.9365587524107066
veritas;0.9365587524107066
verklärung eines heiligen;0.9365587524107066
verkündigung mariä;0.9365587524107066
verkündigungsengel;0.9365587524107066
verlobung der heiligen katharina;0.9365587524107066
vermählung der heiligen katharina, dabei der kleine johannes;0.9365587524107066
versailles. schloss;0.9365587524107066
verschiedene hausvögel: puten, hühner, enten;0.9365587524107066
verschiedene radierungen;0.9365587524107066
verschiedene zeichnungen;0.9365587524107066
versöhnung jakobs mit esau;0.9365587524107066
versuchung des heiligen antonius;0.9365587524107066
vertreibung aus dem paradies;0.9365587524107066
vestalin;0.9365587524107066
victor hugo;0.9365587524107066
victor le bouthillier;0.9365587524107066
vieh an der tränke;0.9365587524107066
viehstück;0.9365587524107066
viehweide;0.9365587524107066
vier ahnenbilder;0.9365587524107066
vier frauen lesend und schreibend;0.9365587524107066
vier köpfe;0.9365587524107066
vier radierungen;0.9365587524107066
vierwaldstättersee;0.9365587524107066
viktor friedrich fürst zu anhalt-bernburg (1700-1765);0.9365587524107066
villa borghese;0.9365587524107066
village / dorf;0.9365587524107066
vision;0.9365587524107066
vision des ezechiel;0.9365587524107066
vitae pontificium;0.9365587524107066
vögel auf blumenzweigen;0.9365587524107066
vogelbild;0.9365587524107066
vogelkonzert;0.9365587524107066
von bildern uns altarn in den evangelischen kirchen augspurgischer confeßion, wolgegründter bericht, samt kurtzer wiederlegung des neulich außgegangenen zerbestischen buchs;0.9365587524107066
von hunden gesteller stier;0.9365587524107066
von katterbach;0.9365587524107066
vor dem gewitter;0.9365587524107066
vor dem hotel;0.9365587524107066
vor einem hotel;0.9365587524107066
vor einer taverne;0.9365587524107066
vorgemach einer burg mit ritterwache;0.9365587524107066
vornehmer japaner;0.9365587524107066
vorposten auf hügeligem terrain;0.9365587524107066
vorstadtstraße;0.9365587524107066
vorwerk;0.9365587524107066
waldabhang;0.9365587524107066
waldbach;0.9365587524107066
waldeinsamkeit;0.9365587524107066
waldige gebirgslandschaft;0.9365587524107066
waldlandschaft bei potsdam;0.9365587524107066
waldlandschaft mit gewässer;0.9365587524107066
waldlandschaft mit hirschjagd;0.9365587524107066
waldlandschaft mit jäger;0.9365587524107066
waldlandschaft mit mondaufgang;0.9365587524107066
waldlichtung;0.9365587524107066
waldstück mit vieh;0.9365587524107066
waldstudie;0.9365587524107066
wald- und feldlandschaft;0.9365587524107066
walzenkrug mit monogramm friedrich wilhelms i.;0.9365587524107066
walzenkrug mit profilbildnis friedrich wilhelms i. umrahmt vom stern des schwarzen adlerordens [walzenkrug mit monogramm f. w. i.];0.9365587524107066
wandbranche, 3- armig;0.9365587524107066
wandgemälde. amoretten. pompeji;0.9365587524107066
wandmalerei aus dem 16. jahrhundert im palast del te und im palast ducale in mantua;0.9365587524107066
wandmosaiken 12. jahrhundert, sizilien;0.9365587524107066
wandspiegel;0.9365587524107066
wannseegarten;0.9365587524107066
warhafftiger bericht des magdeburgischen kriegs/ schlacht/ belagerung und fürnemesten scharmützeln zu wasser und zu lande;0.9365587524107066
warnemünde am strom;0.9365587524107066
wasserfall bei tegernsee;0.9365587524107066
wasserfall bei tivoli;0.9365587524107066
wasserflut;0.9365587524107066
wassertümpel im tiergarten bei dessau;0.9365587524107066
wasservogel;0.9365587524107066
weber;0.9365587524107066
weg am waldrand;0.9365587524107066
weg in der steppe;0.9365587524107066
weibliche akte;0.9365587524107066
weibliche aktstudie;0.9365587524107066
weibliche figur.;0.9365587524107066
weibliche halbfigur;0.9365587524107066
weibliche heilige;0.9365587524107066
weiblicher kopf im profil;0.9365587524107066
weiden am wasser;0.9365587524107066
weihnachten;0.9365587524107066
wengern scheideck;0.9365587524107066
wetterhorn;0.9365587524107066
widderlegung des grewels der stillmesse/ so man cano nennet;0.9365587524107066
wie doctor cubito/ bonifacius/ und der sontags prediger yhm thum zu magdeburg/ gottes wort schenden und lestern;0.9365587524107066
wiesenlandschaft mit bäumen;0.9365587524107066
wilddiebe;0.9365587524107066
wildschweine;0.9365587524107066
wilhelm fleischer, dr. med. et. chirurg.;0.9365587524107066
wilhelm gustav erbprinz zu anhalt-dessau (1699-1737);0.9365587524107066
wilhelm i. der schweiger prinz von oranien (1533-1584);0.9365587524107066
wilhelm iii. prinz von oranien (1650-1702);0.9365587524107066
wilhelmine luise von preußen (1799-1882);0.9365587524107066
wilhelmine von brandenburg-bayreuth (1709-1758);0.9365587524107066
wilhelm, prinz von preußen, 1783-1851;0.9365587524107066
wind;0.9365587524107066
windhund;0.9365587524107066
winterlandschaft mit eisbahn;0.9365587524107066
winterlandschaft mit schlittschuhläufern;0.9365587524107066
winternacht;0.9365587524107066
winterszene;0.9365587524107066
wittenberg von der elbseite;0.9365587524107066
wolfert van brederode (1649-1679);0.9365587524107066
wolfshund;0.9365587524107066
wolfsjagd;0.9365587524107066
wolga;0.9365587524107066
wolken;0.9365587524107066
wolkentag;0.9365587524107066
wunder;0.9365587524107066
zarin alexandra;0.9365587524107066
zarin alexandra feodorowna von rußland;0.9365587524107066
zar nikolaus i. von russland;0.9365587524107066
zecher;0.9365587524107066
zehn kupferstiche (titel unbekannt);0.9365587524107066
zeichnung (ohne titel);0.9365587524107066
zeughaus in berlin;0.9365587524107066
zigeunerkind;0.9365587524107066
zigeunerlager;0.9365587524107066
zimmer mit gesellschaft;0.9365587524107066
zirkus;0.9365587524107066
zuaven;0.9365587524107066
zwei akte;0.9365587524107066
zwei altartafeln;0.9365587524107066
zwei alte frauen;0.9365587524107066
zwei bauern;0.9365587524107066
zwei begonnene studien eines sitzenden aktes mit ausgestrecktem linken arm;0.9365587524107066
zwei engel auf wolken;0.9365587524107066
zwei engelsköpfe;0.9365587524107066
zwei farbstiche (titel unbekannt);0.9365587524107066
zwei freunde;0.9365587524107066
zwei heilige mit engeln;0.9365587524107066
zwei jagdhunde;0.9365587524107066
zwei junge frauen;0.9365587524107066
zwei junge mädchen;0.9365587524107066
zwei kinder;0.9365587524107066
zwei kleine landschaften;0.9365587524107066
zwei knaben;0.9365587524107066
zwei kniende frauen;0.9365587524107066
zwei lithographien;0.9365587524107066
zwei mädchenköpfe;0.9365587524107066
zwei männergestalten;0.9365587524107066
zwei menschen / die einsamen;0.9365587524107066
zwei miniaturbilder;0.9365587524107066
zwei mosaikfußböden. pompeji;0.9365587524107066
zwei porträts;0.9365587524107066
zwei postkarten;0.9365587524107066
zwei radierungen (ohne titel);0.9365587524107066
zwei rauchende bauern;0.9365587524107066
zwei reiter;0.9365587524107066
zwei sitzende frauen;0.9365587524107066
zwei spielende kinder;0.9365587524107066
zwei stiche (ohne titel);0.9365587524107066
zwei stilleben;0.9365587524107066
zwei stillleben;0.9365587524107066
zwei supraporten;0.9365587524107066
zweiteiliges panorama der pfaueninsel;0.9365587524107066
zwei windhunde;0.9365587524107066
zwey capitel;0.9365587524107066
zwo schrifften;0.9365587524107066
